Code,GeoFips,GeoName,TimePeriod,CL_UNIT,UNIT_MULT,DataValue,NoteRef
CAGDP2-1,00998,United States (Metropolitan Portion) *,2023,Thousands of dollars,3,24910942346,*
CAGDP2-1,00998,United States (Metropolitan Portion) *,2022,Thousands of dollars,3,23302611566,*
CAGDP2-1,10180,"Abilene, TX (Metropolitan Statistical Area)",2022,Thousands of dollars,3,9606966,
CAGDP2-1,10180,"Abilene, TX (Metropolitan Statistical Area)",2023,Thousands of dollars,3,10306623,
CAGDP2-1,10420,"Akron, OH (Metropolitan Statistical Area)",2023,Thousands of dollars,3,47285487,
CAGDP2-1,10420,"Akron, OH (Metropolitan Statistical Area)",2022,Thousands of dollars,3,44539393,
CAGDP2-1,10500,"Albany, GA (Metropolitan Statistical Area)",2022,Thousands of dollars,3,7351145,
CAGDP2-1,10500,"Albany, GA (Metropolitan Statistical Area)",2023,Thousands of dollars,3,7782093,
CAGDP2-1,10540,"Albany-Lebanon, OR (Metropolitan Statistical Area)",2023,Thousands of dollars,3,6441520,
CAGDP2-1,10540,"Albany-Lebanon, OR (Metropolitan Statistical Area)",2022,Thousands of dollars,3,6177586,
CAGDP2-1,10580,"Albany-Schenectady-Troy, NY (Metropolitan Statistical Area)",2022,Thousands of dollars,3,79477183,
CAGDP2-1,10580,"Albany-Schenectady-Troy, NY (Metropolitan Statistical Area)",2023,Thousands of dollars,3,84910398,
CAGDP2-1,10740,"Albuquerque, NM (Metropolitan Statistical Area)",2023,Thousands of dollars,3,59382941,
CAGDP2-1,10740,"Albuquerque, NM (Metropolitan Statistical Area)",2022,Thousands of dollars,3,55286557,
CAGDP2-1,10780,"Alexandria, LA (Metropolitan Statistical Area)",2022,Thousands of dollars,3,7458386,
CAGDP2-1,10780,"Alexandria, LA (Metropolitan Statistical Area)",2023,Thousands of dollars,3,7753574,
CAGDP2-1,10900,"Allentown-Bethlehem-Easton, PA-NJ (Metropolitan Statistical Area)",2023,Thousands of dollars,3,59890990,
CAGDP2-1,10900,"Allentown-Bethlehem-Easton, PA-NJ (Metropolitan Statistical Area)",2022,Thousands of dollars,3,55053075,
CAGDP2-1,11020,"Altoona, PA (Metropolitan Statistical Area)",2022,Thousands of dollars,3,7247654,
CAGDP2-1,11020,"Altoona, PA (Metropolitan Statistical Area)",2023,Thousands of dollars,3,7681160,
CAGDP2-1,11100,"Amarillo, TX (Metropolitan Statistical Area)",2023,Thousands of dollars,3,18913682,
CAGDP2-1,11100,"Amarillo, TX (Metropolitan Statistical Area)",2022,Thousands of dollars,3,17475111,
CAGDP2-1,11180,"Ames, IA (Metropolitan Statistical Area)",2022,Thousands of dollars,3,8274669,
CAGDP2-1,11180,"Ames, IA (Metropolitan Statistical Area)",2023,Thousands of dollars,3,8615031,
CAGDP2-1,11260,"Anchorage, AK (Metropolitan Statistical Area)",2023,Thousands of dollars,3,34065381,
CAGDP2-1,11260,"Anchorage, AK (Metropolitan Statistical Area)",2022,Thousands of dollars,3,31733418,
CAGDP2-1,11460,"Ann Arbor, MI (Metropolitan Statistical Area)",2022,Thousands of dollars,3,30788836,
CAGDP2-1,11460,"Ann Arbor, MI (Metropolitan Statistical Area)",2023,Thousands of dollars,3,33013856,
CAGDP2-1,11500,"Anniston-Oxford, AL (Metropolitan Statistical Area)",2023,Thousands of dollars,3,5891059,
CAGDP2-1,11500,"Anniston-Oxford, AL (Metropolitan Statistical Area)",2022,Thousands of dollars,3,5453593,
CAGDP2-1,11540,"Appleton, WI (Metropolitan Statistical Area)",2022,Thousands of dollars,3,17290266,
CAGDP2-1,11540,"Appleton, WI (Metropolitan Statistical Area)",2023,Thousands of dollars,3,18532326,
CAGDP2-1,11700,"Asheville, NC (Metropolitan Statistical Area)",2023,Thousands of dollars,3,29014297,
CAGDP2-1,11700,"Asheville, NC (Metropolitan Statistical Area)",2022,Thousands of dollars,3,26549050,
CAGDP2-1,12020,"Athens-Clarke County, GA (Metropolitan Statistical Area)",2022,Thousands of dollars,3,12915359,
CAGDP2-1,12020,"Athens-Clarke County, GA (Metropolitan Statistical Area)",2023,Thousands of dollars,3,13768348,
CAGDP2-1,12060,"Atlanta-Sandy Springs-Alpharetta, GA (Metropolitan Statistical Area)",2023,Thousands of dollars,3,570662834,
CAGDP2-1,12060,"Atlanta-Sandy Springs-Alpharetta, GA (Metropolitan Statistical Area)",2022,Thousands of dollars,3,534307899,
CAGDP2-1,12100,"Atlantic City-Hammonton, NJ (Metropolitan Statistical Area)",2022,Thousands of dollars,3,17304483,
CAGDP2-1,12100,"Atlantic City-Hammonton, NJ (Metropolitan Statistical Area)",2023,Thousands of dollars,3,18726628,
CAGDP2-1,12220,"Auburn-Opelika, AL (Metropolitan Statistical Area)",2023,Thousands of dollars,3,8799349,
CAGDP2-1,12220,"Auburn-Opelika, AL (Metropolitan Statistical Area)",2022,Thousands of dollars,3,7964355,
CAGDP2-1,12260,"Augusta-Richmond County, GA-SC (Metropolitan Statistical Area)",2022,Thousands of dollars,3,34825920,
CAGDP2-1,12260,"Augusta-Richmond County, GA-SC (Metropolitan Statistical Area)",2023,Thousands of dollars,3,37292712,
CAGDP2-1,12420,"Austin-Round Rock-Georgetown, TX (Metropolitan Statistical Area)",2023,Thousands of dollars,3,248109564,
CAGDP2-1,12420,"Austin-Round Rock-Georgetown, TX (Metropolitan Statistical Area)",2022,Thousands of dollars,3,227703434,
CAGDP2-1,12540,"Bakersfield, CA (Metropolitan Statistical Area)",2022,Thousands of dollars,3,58421422,
CAGDP2-1,12540,"Bakersfield, CA (Metropolitan Statistical Area)",2023,Thousands of dollars,3,59846810,
CAGDP2-1,12580,"Baltimore-Columbia-Towson, MD (Metropolitan Statistical Area)",2023,Thousands of dollars,3,259690214,
CAGDP2-1,12580,"Baltimore-Columbia-Towson, MD (Metropolitan Statistical Area)",2022,Thousands of dollars,3,243871881,
CAGDP2-1,12620,"Bangor, ME (Metropolitan Statistical Area)",2022,Thousands of dollars,3,8537540,
CAGDP2-1,12620,"Bangor, ME (Metropolitan Statistical Area)",2023,Thousands of dollars,3,9020616,
CAGDP2-1,12700,"Barnstable Town, MA (Metropolitan Statistical Area)",2023,Thousands of dollars,3,18186673,
CAGDP2-1,12700,"Barnstable Town, MA (Metropolitan Statistical Area)",2022,Thousands of dollars,3,16850556,
CAGDP2-1,12940,"Baton Rouge, LA (Metropolitan Statistical Area)",2022,Thousands of dollars,3,64680976,
CAGDP2-1,12940,"Baton Rouge, LA (Metropolitan Statistical Area)",2023,Thousands of dollars,3,68827180,
CAGDP2-1,12980,"Battle Creek, MI (Metropolitan Statistical Area)",2023,Thousands of dollars,3,8543282,
CAGDP2-1,12980,"Battle Creek, MI (Metropolitan Statistical Area)",2022,Thousands of dollars,3,7897845,
CAGDP2-1,13020,"Bay City, MI (Metropolitan Statistical Area)",2022,Thousands of dollars,3,4538542,
CAGDP2-1,13020,"Bay City, MI (Metropolitan Statistical Area)",2023,Thousands of dollars,3,4507259,
CAGDP2-1,13140,"Beaumont-Port Arthur, TX (Metropolitan Statistical Area)",2023,Thousands of dollars,3,31114626,
CAGDP2-1,13140,"Beaumont-Port Arthur, TX (Metropolitan Statistical Area)",2022,Thousands of dollars,3,29605473,
CAGDP2-1,13220,"Beckley, WV (Metropolitan Statistical Area)",2022,Thousands of dollars,3,5164198,
CAGDP2-1,13220,"Beckley, WV (Metropolitan Statistical Area)",2023,Thousands of dollars,3,5541536,
CAGDP2-1,13380,"Bellingham, WA (Metropolitan Statistical Area)",2023,Thousands of dollars,3,21489731,
CAGDP2-1,13380,"Bellingham, WA (Metropolitan Statistical Area)",2022,Thousands of dollars,3,21231134,
CAGDP2-1,13460,"Bend, OR (Metropolitan Statistical Area)",2022,Thousands of dollars,3,14096015,
CAGDP2-1,13460,"Bend, OR (Metropolitan Statistical Area)",2023,Thousands of dollars,3,15445974,
CAGDP2-1,13740,"Billings, MT (Metropolitan Statistical Area)",2023,Thousands of dollars,3,14407832,
CAGDP2-1,13740,"Billings, MT (Metropolitan Statistical Area)",2022,Thousands of dollars,3,13756233,
CAGDP2-1,13780,"Binghamton, NY (Metropolitan Statistical Area)",2022,Thousands of dollars,3,12257866,
CAGDP2-1,13780,"Binghamton, NY (Metropolitan Statistical Area)",2023,Thousands of dollars,3,12927169,
CAGDP2-1,13820,"Birmingham-Hoover, AL (Metropolitan Statistical Area)",2023,Thousands of dollars,3,84566170,
CAGDP2-1,13820,"Birmingham-Hoover, AL (Metropolitan Statistical Area)",2022,Thousands of dollars,3,79716262,
CAGDP2-1,13900,"Bismarck, ND (Metropolitan Statistical Area)",2022,Thousands of dollars,3,8952832,
CAGDP2-1,13900,"Bismarck, ND (Metropolitan Statistical Area)",2023,Thousands of dollars,3,9430711,
CAGDP2-1,13980,"Blacksburg-Christiansburg, VA (Metropolitan Statistical Area) *",2023,Thousands of dollars,3,10166304,*
CAGDP2-1,13980,"Blacksburg-Christiansburg, VA (Metropolitan Statistical Area) *",2022,Thousands of dollars,3,9189530,*
CAGDP2-1,14010,"Bloomington, IL (Metropolitan Statistical Area)",2022,Thousands of dollars,3,14370269,
CAGDP2-1,14010,"Bloomington, IL (Metropolitan Statistical Area)",2023,Thousands of dollars,3,15005648,
CAGDP2-1,14020,"Bloomington, IN (Metropolitan Statistical Area)",2023,Thousands of dollars,3,9641723,
CAGDP2-1,14020,"Bloomington, IN (Metropolitan Statistical Area)",2022,Thousands of dollars,3,9099942,
CAGDP2-1,14100,"Bloomsburg-Berwick, PA (Metropolitan Statistical Area)",2022,Thousands of dollars,3,5283188,
CAGDP2-1,14100,"Bloomsburg-Berwick, PA (Metropolitan Statistical Area)",2023,Thousands of dollars,3,5613010,
CAGDP2-1,14260,"Boise City, ID (Metropolitan Statistical Area)",2023,Thousands of dollars,3,55331136,
CAGDP2-1,14260,"Boise City, ID (Metropolitan Statistical Area)",2022,Thousands of dollars,3,51309858,
CAGDP2-1,14460,"Boston-Cambridge-Newton, MA-NH (Metropolitan Statistical Area)",2022,Thousands of dollars,3,575762803,
CAGDP2-1,14460,"Boston-Cambridge-Newton, MA-NH (Metropolitan Statistical Area)",2023,Thousands of dollars,3,610486075,
CAGDP2-1,14500,"Boulder, CO (Metropolitan Statistical Area) *",2023,Thousands of dollars,3,37662897,*
CAGDP2-1,14500,"Boulder, CO (Metropolitan Statistical Area) *",2022,Thousands of dollars,3,34985000,*
CAGDP2-1,14540,"Bowling Green, KY (Metropolitan Statistical Area)",2022,Thousands of dollars,3,10685677,
CAGDP2-1,14540,"Bowling Green, KY (Metropolitan Statistical Area)",2023,Thousands of dollars,3,11830435,
CAGDP2-1,14740,"Bremerton-Silverdale-Port Orchard, WA (Metropolitan Statistical Area)",2023,Thousands of dollars,3,17319445,
CAGDP2-1,14740,"Bremerton-Silverdale-Port Orchard, WA (Metropolitan Statistical Area)",2022,Thousands of dollars,3,16019191,
CAGDP2-1,14860,"Bridgeport-Stamford-Norwalk, CT (Metropolitan Statistical Area)",2022,Thousands of dollars,3,107596634,
CAGDP2-1,14860,"Bridgeport-Stamford-Norwalk, CT (Metropolitan Statistical Area)",2023,Thousands of dollars,3,116030979,
CAGDP2-1,15180,"Brownsville-Harlingen, TX (Metropolitan Statistical Area)",2023,Thousands of dollars,3,15602248,
CAGDP2-1,15180,"Brownsville-Harlingen, TX (Metropolitan Statistical Area)",2022,Thousands of dollars,3,14603267,
CAGDP2-1,15260,"Brunswick, GA (Metropolitan Statistical Area)",2022,Thousands of dollars,3,6047448,
CAGDP2-1,15260,"Brunswick, GA (Metropolitan Statistical Area)",2023,Thousands of dollars,3,6444126,
CAGDP2-1,15380,"Buffalo-Cheektowaga, NY (Metropolitan Statistical Area)",2023,Thousands of dollars,3,90716457,
CAGDP2-1,15380,"Buffalo-Cheektowaga, NY (Metropolitan Statistical Area)",2022,Thousands of dollars,3,84162605,
CAGDP2-1,15500,"Burlington, NC (Metropolitan Statistical Area)",2022,Thousands of dollars,3,7921983,
CAGDP2-1,15500,"Burlington, NC (Metropolitan Statistical Area)",2023,Thousands of dollars,3,8624438,
CAGDP2-1,15540,"Burlington-South Burlington, VT (Metropolitan Statistical Area)",2023,Thousands of dollars,3,18671208,
CAGDP2-1,15540,"Burlington-South Burlington, VT (Metropolitan Statistical Area)",2022,Thousands of dollars,3,17519554,
CAGDP2-1,15680,"California-Lexington Park, MD (Metropolitan Statistical Area)",2022,Thousands of dollars,3,9106973,
CAGDP2-1,15680,"California-Lexington Park, MD (Metropolitan Statistical Area)",2023,Thousands of dollars,3,9882630,
CAGDP2-1,15940,"Canton-Massillon, OH (Metropolitan Statistical Area)",2023,Thousands of dollars,3,24599897,
CAGDP2-1,15940,"Canton-Massillon, OH (Metropolitan Statistical Area)",2022,Thousands of dollars,3,23201615,
CAGDP2-1,15980,"Cape Coral-Fort Myers, FL (Metropolitan Statistical Area)",2022,Thousands of dollars,3,46230892,
CAGDP2-1,15980,"Cape Coral-Fort Myers, FL (Metropolitan Statistical Area)",2023,Thousands of dollars,3,50645899,
CAGDP2-1,16020,"Cape Girardeau, MO-IL (Metropolitan Statistical Area)",2023,Thousands of dollars,3,5797295,
CAGDP2-1,16020,"Cape Girardeau, MO-IL (Metropolitan Statistical Area)",2022,Thousands of dollars,3,5346860,
CAGDP2-1,16060,"Carbondale-Marion, IL (Metropolitan Statistical Area)",2022,Thousands of dollars,3,6836416,
CAGDP2-1,16060,"Carbondale-Marion, IL (Metropolitan Statistical Area)",2023,Thousands of dollars,3,7263128,
CAGDP2-1,16180,"Carson City, NV (Metropolitan Statistical Area)",2023,Thousands of dollars,3,4777092,
CAGDP2-1,16180,"Carson City, NV (Metropolitan Statistical Area)",2022,Thousands of dollars,3,4382327,
CAGDP2-1,16220,"Casper, WY (Metropolitan Statistical Area)",2022,Thousands of dollars,3,6405089,
CAGDP2-1,16220,"Casper, WY (Metropolitan Statistical Area)",2023,Thousands of dollars,3,6983637,
CAGDP2-1,16300,"Cedar Rapids, IA (Metropolitan Statistical Area)",2023,Thousands of dollars,3,22962630,
CAGDP2-1,16300,"Cedar Rapids, IA (Metropolitan Statistical Area)",2022,Thousands of dollars,3,22130707,
CAGDP2-1,16540,"Chambersburg-Waynesboro, PA (Metropolitan Statistical Area)",2022,Thousands of dollars,3,7607028,
CAGDP2-1,16540,"Chambersburg-Waynesboro, PA (Metropolitan Statistical Area)",2023,Thousands of dollars,3,8148840,
CAGDP2-1,16580,"Champaign-Urbana, IL (Metropolitan Statistical Area)",2023,Thousands of dollars,3,15512304,
CAGDP2-1,16580,"Champaign-Urbana, IL (Metropolitan Statistical Area)",2022,Thousands of dollars,3,14441014,
CAGDP2-1,16620,"Charleston, WV (Metropolitan Statistical Area)",2022,Thousands of dollars,3,14995867,
CAGDP2-1,16620,"Charleston, WV (Metropolitan Statistical Area)",2023,Thousands of dollars,3,16291494,
CAGDP2-1,16700,"Charleston-North Charleston, SC (Metropolitan Statistical Area)",2023,Thousands of dollars,3,63973949,
CAGDP2-1,16700,"Charleston-North Charleston, SC (Metropolitan Statistical Area)",2022,Thousands of dollars,3,57989022,
CAGDP2-1,16740,"Charlotte-Concord-Gastonia, NC-SC (Metropolitan Statistical Area)",2022,Thousands of dollars,3,232869915,
CAGDP2-1,16740,"Charlotte-Concord-Gastonia, NC-SC (Metropolitan Statistical Area)",2023,Thousands of dollars,3,255666417,
CAGDP2-1,16820,"Charlottesville, VA (Metropolitan Statistical Area) *",2023,Thousands of dollars,3,18817343,*
CAGDP2-1,16820,"Charlottesville, VA (Metropolitan Statistical Area) *",2022,Thousands of dollars,3,17275047,*
CAGDP2-1,16860,"Chattanooga, TN-GA (Metropolitan Statistical Area)",2022,Thousands of dollars,3,40205292,
CAGDP2-1,16860,"Chattanooga, TN-GA (Metropolitan Statistical Area)",2023,Thousands of dollars,3,42381201,
CAGDP2-1,16940,"Cheyenne, WY (Metropolitan Statistical Area)",2023,Thousands of dollars,3,8285241,
CAGDP2-1,16940,"Cheyenne, WY (Metropolitan Statistical Area)",2022,Thousands of dollars,3,7756815,
CAGDP2-1,16980,"Chicago-Naperville-Elgin, IL-IN-WI (Metropolitan Statistical Area)",2022,Thousands of dollars,3,845186849,
CAGDP2-1,16980,"Chicago-Naperville-Elgin, IL-IN-WI (Metropolitan Statistical Area)",2023,Thousands of dollars,3,894862364,
CAGDP2-1,17020,"Chico, CA (Metropolitan Statistical Area)",2023,Thousands of dollars,3,11727399,
CAGDP2-1,17020,"Chico, CA (Metropolitan Statistical Area)",2022,Thousands of dollars,3,10971734,
CAGDP2-1,17140,"Cincinnati, OH-KY-IN (Metropolitan Statistical Area)",2022,Thousands of dollars,3,186738754,
CAGDP2-1,17140,"Cincinnati, OH-KY-IN (Metropolitan Statistical Area)",2023,Thousands of dollars,3,198888723,
CAGDP2-1,17300,"Clarksville, TN-KY (Metropolitan Statistical Area)",2023,Thousands of dollars,3,17765745,
CAGDP2-1,17300,"Clarksville, TN-KY (Metropolitan Statistical Area)",2022,Thousands of dollars,3,16535927,
CAGDP2-1,17420,"Cleveland, TN (Metropolitan Statistical Area)",2022,Thousands of dollars,3,6489217,
CAGDP2-1,17420,"Cleveland, TN (Metropolitan Statistical Area)",2023,Thousands of dollars,3,6807509,
CAGDP2-1,17460,"Cleveland-Elyria, OH (Metropolitan Statistical Area)",2023,Thousands of dollars,3,173135607,
CAGDP2-1,17460,"Cleveland-Elyria, OH (Metropolitan Statistical Area)",2022,Thousands of dollars,3,163918114,
CAGDP2-1,17660,"Coeur d'Alene, ID (Metropolitan Statistical Area)",2022,Thousands of dollars,3,9635323,
CAGDP2-1,17660,"Coeur d'Alene, ID (Metropolitan Statistical Area)",2023,Thousands of dollars,3,10583848,
CAGDP2-1,17780,"College Station-Bryan, TX (Metropolitan Statistical Area)",2023,Thousands of dollars,3,19585335,
CAGDP2-1,17780,"College Station-Bryan, TX (Metropolitan Statistical Area)",2022,Thousands of dollars,3,18443492,
CAGDP2-1,17820,"Colorado Springs, CO (Metropolitan Statistical Area)",2022,Thousands of dollars,3,48374609,
CAGDP2-1,17820,"Colorado Springs, CO (Metropolitan Statistical Area)",2023,Thousands of dollars,3,53092641,
CAGDP2-1,17860,"Columbia, MO (Metropolitan Statistical Area)",2023,Thousands of dollars,3,13572357,
CAGDP2-1,17860,"Columbia, MO (Metropolitan Statistical Area)",2022,Thousands of dollars,3,12608542,
CAGDP2-1,17900,"Columbia, SC (Metropolitan Statistical Area)",2022,Thousands of dollars,3,54043297,
CAGDP2-1,17900,"Columbia, SC (Metropolitan Statistical Area)",2023,Thousands of dollars,3,58497422,
CAGDP2-1,17980,"Columbus, GA-AL (Metropolitan Statistical Area)",2023,Thousands of dollars,3,18710583,
CAGDP2-1,17980,"Columbus, GA-AL (Metropolitan Statistical Area)",2022,Thousands of dollars,3,17284385,
CAGDP2-1,18020,"Columbus, IN (Metropolitan Statistical Area)",2022,Thousands of dollars,3,7875528,
CAGDP2-1,18020,"Columbus, IN (Metropolitan Statistical Area)",2023,Thousands of dollars,3,8668346,
CAGDP2-1,18140,"Columbus, OH (Metropolitan Statistical Area)",2023,Thousands of dollars,3,182087631,
CAGDP2-1,18140,"Columbus, OH (Metropolitan Statistical Area)",2022,Thousands of dollars,3,170396035,
CAGDP2-1,18580,"Corpus Christi, TX (Metropolitan Statistical Area)",2022,Thousands of dollars,3,29391750,
CAGDP2-1,18580,"Corpus Christi, TX (Metropolitan Statistical Area)",2023,Thousands of dollars,3,30930920,
CAGDP2-1,18700,"Corvallis, OR (Metropolitan Statistical Area)",2023,Thousands of dollars,3,6035305,
CAGDP2-1,18700,"Corvallis, OR (Metropolitan Statistical Area)",2022,Thousands of dollars,3,5577799,
CAGDP2-1,18880,"Crestview-Fort Walton Beach-Destin, FL (Metropolitan Statistical Area)",2022,Thousands of dollars,3,21912572,
CAGDP2-1,18880,"Crestview-Fort Walton Beach-Destin, FL (Metropolitan Statistical Area)",2023,Thousands of dollars,3,23794720,
CAGDP2-1,19060,"Cumberland, MD-WV (Metropolitan Statistical Area)",2023,Thousands of dollars,3,4359585,
CAGDP2-1,19060,"Cumberland, MD-WV (Metropolitan Statistical Area)",2022,Thousands of dollars,3,4294583,
CAGDP2-1,19100,"Dallas-Fort Worth-Arlington, TX (Metropolitan Statistical Area)",2022,Thousands of dollars,3,692794994,
CAGDP2-1,19100,"Dallas-Fort Worth-Arlington, TX (Metropolitan Statistical Area)",2023,Thousands of dollars,3,744653629,
CAGDP2-1,19140,"Dalton, GA (Metropolitan Statistical Area)",2023,Thousands of dollars,3,9271266,
CAGDP2-1,19140,"Dalton, GA (Metropolitan Statistical Area)",2022,Thousands of dollars,3,8923528,
CAGDP2-1,19180,"Danville, IL (Metropolitan Statistical Area)",2022,Thousands of dollars,3,4001250,
CAGDP2-1,19180,"Danville, IL (Metropolitan Statistical Area)",2023,Thousands of dollars,3,4136523,
CAGDP2-1,19300,"Daphne-Fairhope-Foley, AL (Metropolitan Statistical Area)",2023,Thousands of dollars,3,12071468,
CAGDP2-1,19300,"Daphne-Fairhope-Foley, AL (Metropolitan Statistical Area)",2022,Thousands of dollars,3,11097699,
CAGDP2-1,19340,"Davenport-Moline-Rock Island, IA-IL (Metropolitan Statistical Area)",2022,Thousands of dollars,3,26180148,
CAGDP2-1,19340,"Davenport-Moline-Rock Island, IA-IL (Metropolitan Statistical Area)",2023,Thousands of dollars,3,27875132,
CAGDP2-1,19430,"Dayton-Kettering, OH (Metropolitan Statistical Area)",2023,Thousands of dollars,3,57479376,
CAGDP2-1,19430,"Dayton-Kettering, OH (Metropolitan Statistical Area)",2022,Thousands of dollars,3,53466512,
CAGDP2-1,19460,"Decatur, AL (Metropolitan Statistical Area)",2022,Thousands of dollars,3,8361678,
CAGDP2-1,19460,"Decatur, AL (Metropolitan Statistical Area)",2023,Thousands of dollars,3,8841158,
CAGDP2-1,19500,"Decatur, IL (Metropolitan Statistical Area)",2023,Thousands of dollars,3,8822934,
CAGDP2-1,19500,"Decatur, IL (Metropolitan Statistical Area)",2022,Thousands of dollars,3,8175608,
CAGDP2-1,19660,"Deltona-Daytona Beach-Ormond Beach, FL (Metropolitan Statistical Area)",2022,Thousands of dollars,3,29502645,
CAGDP2-1,19660,"Deltona-Daytona Beach-Ormond Beach, FL (Metropolitan Statistical Area)",2023,Thousands of dollars,3,32539529,
CAGDP2-1,19740,"Denver-Aurora-Lakewood, CO (Metropolitan Statistical Area) *",2023,Thousands of dollars,3,311876352,*
CAGDP2-1,19740,"Denver-Aurora-Lakewood, CO (Metropolitan Statistical Area) *",2022,Thousands of dollars,3,289540924,*
CAGDP2-1,19780,"Des Moines-West Des Moines, IA (Metropolitan Statistical Area)",2022,Thousands of dollars,3,69554401,
CAGDP2-1,19780,"Des Moines-West Des Moines, IA (Metropolitan Statistical Area)",2023,Thousands of dollars,3,74062506,
CAGDP2-1,19820,"Detroit-Warren-Dearborn, MI (Metropolitan Statistical Area)",2023,Thousands of dollars,3,331333163,
CAGDP2-1,19820,"Detroit-Warren-Dearborn, MI (Metropolitan Statistical Area)",2022,Thousands of dollars,3,307906028,
CAGDP2-1,20020,"Dothan, AL (Metropolitan Statistical Area)",2022,Thousands of dollars,3,8584732,
CAGDP2-1,20020,"Dothan, AL (Metropolitan Statistical Area)",2023,Thousands of dollars,3,9099360,
CAGDP2-1,20100,"Dover, DE (Metropolitan Statistical Area)",2023,Thousands of dollars,3,10509748,
CAGDP2-1,20100,"Dover, DE (Metropolitan Statistical Area)",2022,Thousands of dollars,3,10169601,
CAGDP2-1,20220,"Dubuque, IA (Metropolitan Statistical Area)",2022,Thousands of dollars,3,8312224,
CAGDP2-1,20220,"Dubuque, IA (Metropolitan Statistical Area)",2023,Thousands of dollars,3,9017369,
CAGDP2-1,20260,"Duluth, MN-WI (Metropolitan Statistical Area)",2023,Thousands of dollars,3,18838611,
CAGDP2-1,20260,"Duluth, MN-WI (Metropolitan Statistical Area)",2022,Thousands of dollars,3,17182263,
CAGDP2-1,20500,"Durham-Chapel Hill, NC (Metropolitan Statistical Area)",2022,Thousands of dollars,3,64841618,
CAGDP2-1,20500,"Durham-Chapel Hill, NC (Metropolitan Statistical Area)",2023,Thousands of dollars,3,70305292,
CAGDP2-1,20700,"East Stroudsburg, PA (Metropolitan Statistical Area)",2023,Thousands of dollars,3,9215416,
CAGDP2-1,20700,"East Stroudsburg, PA (Metropolitan Statistical Area)",2022,Thousands of dollars,3,8576529,
CAGDP2-1,20740,"Eau Claire, WI (Metropolitan Statistical Area)",2022,Thousands of dollars,3,10954893,
CAGDP2-1,20740,"Eau Claire, WI (Metropolitan Statistical Area)",2023,Thousands of dollars,3,11674198,
CAGDP2-1,20940,"El Centro, CA (Metropolitan Statistical Area)",2023,Thousands of dollars,3,13483299,
CAGDP2-1,20940,"El Centro, CA (Metropolitan Statistical Area)",2022,Thousands of dollars,3,11668788,
CAGDP2-1,21060,"Elizabethtown-Fort Knox, KY (Metropolitan Statistical Area)",2022,Thousands of dollars,3,7612503,
CAGDP2-1,21060,"Elizabethtown-Fort Knox, KY (Metropolitan Statistical Area)",2023,Thousands of dollars,3,8182312,
CAGDP2-1,21140,"Elkhart-Goshen, IN (Metropolitan Statistical Area)",2023,Thousands of dollars,3,20857760,
CAGDP2-1,21140,"Elkhart-Goshen, IN (Metropolitan Statistical Area)",2022,Thousands of dollars,3,21178254,
CAGDP2-1,21300,"Elmira, NY (Metropolitan Statistical Area)",2022,Thousands of dollars,3,4309689,
CAGDP2-1,21300,"Elmira, NY (Metropolitan Statistical Area)",2023,Thousands of dollars,3,4544209,
CAGDP2-1,21340,"El Paso, TX (Metropolitan Statistical Area)",2023,Thousands of dollars,3,48609163,
CAGDP2-1,21340,"El Paso, TX (Metropolitan Statistical Area)",2022,Thousands of dollars,3,45041559,
CAGDP2-1,21420,"Enid, OK (Metropolitan Statistical Area)",2022,Thousands of dollars,3,3538129,
CAGDP2-1,21420,"Enid, OK (Metropolitan Statistical Area)",2023,Thousands of dollars,3,3804621,
CAGDP2-1,21500,"Erie, PA (Metropolitan Statistical Area)",2023,Thousands of dollars,3,14204975,
CAGDP2-1,21500,"Erie, PA (Metropolitan Statistical Area)",2022,Thousands of dollars,3,13248530,
CAGDP2-1,21660,"Eugene-Springfield, OR (Metropolitan Statistical Area)",2022,Thousands of dollars,3,21138143,
CAGDP2-1,21660,"Eugene-Springfield, OR (Metropolitan Statistical Area)",2023,Thousands of dollars,3,22550913,
CAGDP2-1,21780,"Evansville, IN-KY (Metropolitan Statistical Area)",2023,Thousands of dollars,3,27437679,
CAGDP2-1,21780,"Evansville, IN-KY (Metropolitan Statistical Area)",2022,Thousands of dollars,3,26463345,
CAGDP2-1,21820,"Fairbanks, AK (Metropolitan Statistical Area)",2022,Thousands of dollars,3,6874732,
CAGDP2-1,21820,"Fairbanks, AK (Metropolitan Statistical Area)",2023,Thousands of dollars,3,7198784,
CAGDP2-1,22020,"Fargo, ND-MN (Metropolitan Statistical Area)",2023,Thousands of dollars,3,20535575,
CAGDP2-1,22020,"Fargo, ND-MN (Metropolitan Statistical Area)",2022,Thousands of dollars,3,18949095,
CAGDP2-1,22140,"Farmington, NM (Metropolitan Statistical Area)",2022,Thousands of dollars,3,6673186,
CAGDP2-1,22140,"Farmington, NM (Metropolitan Statistical Area)",2023,Thousands of dollars,3,6822347,
CAGDP2-1,22180,"Fayetteville, NC (Metropolitan Statistical Area)",2023,Thousands of dollars,3,28205160,
CAGDP2-1,22180,"Fayetteville, NC (Metropolitan Statistical Area)",2022,Thousands of dollars,3,26441177,
CAGDP2-1,22220,"Fayetteville-Springdale-Rogers, AR (Metropolitan Statistical Area)",2022,Thousands of dollars,3,38434130,
CAGDP2-1,22220,"Fayetteville-Springdale-Rogers, AR (Metropolitan Statistical Area)",2023,Thousands of dollars,3,40776485,
CAGDP2-1,22380,"Flagstaff, AZ (Metropolitan Statistical Area)",2023,Thousands of dollars,3,9967529,
CAGDP2-1,22380,"Flagstaff, AZ (Metropolitan Statistical Area)",2022,Thousands of dollars,3,9108700,
CAGDP2-1,22420,"Flint, MI (Metropolitan Statistical Area)",2022,Thousands of dollars,3,17895523,
CAGDP2-1,22420,"Flint, MI (Metropolitan Statistical Area)",2023,Thousands of dollars,3,19151079,
CAGDP2-1,22500,"Florence, SC (Metropolitan Statistical Area)",2023,Thousands of dollars,3,12505628,
CAGDP2-1,22500,"Florence, SC (Metropolitan Statistical Area)",2022,Thousands of dollars,3,11774382,
CAGDP2-1,22520,"Florence-Muscle Shoals, AL (Metropolitan Statistical Area)",2022,Thousands of dollars,3,6715491,
CAGDP2-1,22520,"Florence-Muscle Shoals, AL (Metropolitan Statistical Area)",2023,Thousands of dollars,3,7212666,
CAGDP2-1,22540,"Fond du Lac, WI (Metropolitan Statistical Area)",2023,Thousands of dollars,3,6451530,
CAGDP2-1,22540,"Fond du Lac, WI (Metropolitan Statistical Area)",2022,Thousands of dollars,3,6191785,
CAGDP2-1,22660,"Fort Collins, CO (Metropolitan Statistical Area)",2022,Thousands of dollars,3,25390152,
CAGDP2-1,22660,"Fort Collins, CO (Metropolitan Statistical Area)",2023,Thousands of dollars,3,26974178,
CAGDP2-1,22900,"Fort Smith, AR-OK (Metropolitan Statistical Area)",2023,Thousands of dollars,3,12729594,
CAGDP2-1,22900,"Fort Smith, AR-OK (Metropolitan Statistical Area)",2022,Thousands of dollars,3,12020278,
CAGDP2-1,23060,"Fort Wayne, IN (Metropolitan Statistical Area)",2022,Thousands of dollars,3,28589638,
CAGDP2-1,23060,"Fort Wayne, IN (Metropolitan Statistical Area)",2023,Thousands of dollars,3,30231008,
CAGDP2-1,23420,"Fresno, CA (Metropolitan Statistical Area)",2023,Thousands of dollars,3,60151259,
CAGDP2-1,23420,"Fresno, CA (Metropolitan Statistical Area)",2022,Thousands of dollars,3,56235061,
CAGDP2-1,23460,"Gadsden, AL (Metropolitan Statistical Area)",2022,Thousands of dollars,3,3527297,
CAGDP2-1,23460,"Gadsden, AL (Metropolitan Statistical Area)",2023,Thousands of dollars,3,3776967,
CAGDP2-1,23540,"Gainesville, FL (Metropolitan Statistical Area)",2023,Thousands of dollars,3,21823778,
CAGDP2-1,23540,"Gainesville, FL (Metropolitan Statistical Area)",2022,Thousands of dollars,3,19981394,
CAGDP2-1,23580,"Gainesville, GA (Metropolitan Statistical Area)",2022,Thousands of dollars,3,15404898,
CAGDP2-1,23580,"Gainesville, GA (Metropolitan Statistical Area)",2023,Thousands of dollars,3,16640845,
CAGDP2-1,23900,"Gettysburg, PA (Metropolitan Statistical Area)",2023,Thousands of dollars,3,4739846,
CAGDP2-1,23900,"Gettysburg, PA (Metropolitan Statistical Area)",2022,Thousands of dollars,3,4508275,
CAGDP2-1,24020,"Glens Falls, NY (Metropolitan Statistical Area)",2022,Thousands of dollars,3,8193212,
CAGDP2-1,24020,"Glens Falls, NY (Metropolitan Statistical Area)",2023,Thousands of dollars,3,8717091,
CAGDP2-1,24140,"Goldsboro, NC (Metropolitan Statistical Area)",2023,Thousands of dollars,3,6339867,
CAGDP2-1,24140,"Goldsboro, NC (Metropolitan Statistical Area)",2022,Thousands of dollars,3,6146368,
CAGDP2-1,24220,"Grand Forks, ND-MN (Metropolitan Statistical Area)",2022,Thousands of dollars,3,6643369,
CAGDP2-1,24220,"Grand Forks, ND-MN (Metropolitan Statistical Area)",2023,Thousands of dollars,3,6878157,
CAGDP2-1,24260,"Grand Island, NE (Metropolitan Statistical Area)",2023,Thousands of dollars,3,5979384,
CAGDP2-1,24260,"Grand Island, NE (Metropolitan Statistical Area)",2022,Thousands of dollars,3,5432830,
CAGDP2-1,24300,"Grand Junction, CO (Metropolitan Statistical Area)",2022,Thousands of dollars,3,8541839,
CAGDP2-1,24300,"Grand Junction, CO (Metropolitan Statistical Area)",2023,Thousands of dollars,3,9147468,
CAGDP2-1,24340,"Grand Rapids-Kentwood, MI (Metropolitan Statistical Area)",2023,Thousands of dollars,3,82311400,
CAGDP2-1,24340,"Grand Rapids-Kentwood, MI (Metropolitan Statistical Area)",2022,Thousands of dollars,3,76781903,
CAGDP2-1,24420,"Grants Pass, OR (Metropolitan Statistical Area)",2022,Thousands of dollars,3,3531190,
CAGDP2-1,24420,"Grants Pass, OR (Metropolitan Statistical Area)",2023,Thousands of dollars,3,3877152,
CAGDP2-1,24500,"Great Falls, MT (Metropolitan Statistical Area)",2023,Thousands of dollars,3,5345805,
CAGDP2-1,24500,"Great Falls, MT (Metropolitan Statistical Area)",2022,Thousands of dollars,3,5028289,
CAGDP2-1,24540,"Greeley, CO (Metropolitan Statistical Area) *",2022,Thousands of dollars,3,28403684,*
CAGDP2-1,24540,"Greeley, CO (Metropolitan Statistical Area) *",2023,Thousands of dollars,3,28181144,*
CAGDP2-1,24580,"Green Bay, WI (Metropolitan Statistical Area)",2023,Thousands of dollars,3,26276686,
CAGDP2-1,24580,"Green Bay, WI (Metropolitan Statistical Area)",2022,Thousands of dollars,3,24548192,
CAGDP2-1,24660,"Greensboro-High Point, NC (Metropolitan Statistical Area)",2022,Thousands of dollars,3,50006361,
CAGDP2-1,24660,"Greensboro-High Point, NC (Metropolitan Statistical Area)",2023,Thousands of dollars,3,52925956,
CAGDP2-1,24780,"Greenville, NC (Metropolitan Statistical Area)",2023,Thousands of dollars,3,11865912,
CAGDP2-1,24780,"Greenville, NC (Metropolitan Statistical Area)",2022,Thousands of dollars,3,10952953,
CAGDP2-1,24860,"Greenville-Anderson, SC (Metropolitan Statistical Area)",2022,Thousands of dollars,3,58462587,
CAGDP2-1,24860,"Greenville-Anderson, SC (Metropolitan Statistical Area)",2023,Thousands of dollars,3,63357431,
CAGDP2-1,25060,"Gulfport-Biloxi, MS (Metropolitan Statistical Area)",2023,Thousands of dollars,3,24668587,
CAGDP2-1,25060,"Gulfport-Biloxi, MS (Metropolitan Statistical Area)",2022,Thousands of dollars,3,23301159,
CAGDP2-1,25180,"Hagerstown-Martinsburg, MD-WV (Metropolitan Statistical Area)",2022,Thousands of dollars,3,14059926,
CAGDP2-1,25180,"Hagerstown-Martinsburg, MD-WV (Metropolitan Statistical Area)",2023,Thousands of dollars,3,15286099,
CAGDP2-1,25220,"Hammond, LA (Metropolitan Statistical Area)",2023,Thousands of dollars,3,6219912,
CAGDP2-1,25220,"Hammond, LA (Metropolitan Statistical Area)",2022,Thousands of dollars,3,5688836,
CAGDP2-1,25260,"Hanford-Corcoran, CA (Metropolitan Statistical Area)",2022,Thousands of dollars,3,8428438,
CAGDP2-1,25260,"Hanford-Corcoran, CA (Metropolitan Statistical Area)",2023,Thousands of dollars,3,8873931,
CAGDP2-1,25420,"Harrisburg-Carlisle, PA (Metropolitan Statistical Area)",2023,Thousands of dollars,3,50902418,
CAGDP2-1,25420,"Harrisburg-Carlisle, PA (Metropolitan Statistical Area)",2022,Thousands of dollars,3,47954500,
CAGDP2-1,25500,"Harrisonburg, VA (Metropolitan Statistical Area) *",2022,Thousands of dollars,3,10133342,*
CAGDP2-1,25500,"Harrisonburg, VA (Metropolitan Statistical Area) *",2023,Thousands of dollars,3,10348301,*
CAGDP2-1,25540,"Hartford-East Hartford-Middletown, CT (Metropolitan Statistical Area)",2023,Thousands of dollars,3,122805302,
CAGDP2-1,25540,"Hartford-East Hartford-Middletown, CT (Metropolitan Statistical Area)",2022,Thousands of dollars,3,114173878,
CAGDP2-1,25620,"Hattiesburg, MS (Metropolitan Statistical Area)",2022,Thousands of dollars,3,8103421,
CAGDP2-1,25620,"Hattiesburg, MS (Metropolitan Statistical Area)",2023,Thousands of dollars,3,8700243,
CAGDP2-1,25860,"Hickory-Lenoir-Morganton, NC (Metropolitan Statistical Area)",2023,Thousands of dollars,3,19612987,
CAGDP2-1,25860,"Hickory-Lenoir-Morganton, NC (Metropolitan Statistical Area)",2022,Thousands of dollars,3,18739142,
CAGDP2-1,25940,"Hilton Head Island-Bluffton, SC (Metropolitan Statistical Area)",2022,Thousands of dollars,3,13085617,
CAGDP2-1,25940,"Hilton Head Island-Bluffton, SC (Metropolitan Statistical Area)",2023,Thousands of dollars,3,14360798,
CAGDP2-1,25980,"Hinesville, GA (Metropolitan Statistical Area)",2023,Thousands of dollars,3,5154740,
CAGDP2-1,25980,"Hinesville, GA (Metropolitan Statistical Area)",2022,Thousands of dollars,3,4863372,
CAGDP2-1,26140,"Homosassa Springs, FL (Metropolitan Statistical Area)",2022,Thousands of dollars,3,6000883,
CAGDP2-1,26140,"Homosassa Springs, FL (Metropolitan Statistical Area)",2023,Thousands of dollars,3,6430594,
CAGDP2-1,26300,"Hot Springs, AR (Metropolitan Statistical Area)",2023,Thousands of dollars,3,4606197,
CAGDP2-1,26300,"Hot Springs, AR (Metropolitan Statistical Area)",2022,Thousands of dollars,3,4272659,
CAGDP2-1,26380,"Houma-Thibodaux, LA (Metropolitan Statistical Area)",2022,Thousands of dollars,3,11124662,
CAGDP2-1,26380,"Houma-Thibodaux, LA (Metropolitan Statistical Area)",2023,Thousands of dollars,3,12215010,
CAGDP2-1,26420,"Houston-The Woodlands-Sugar Land, TX (Metropolitan Statistical Area)",2023,Thousands of dollars,3,696999366,
CAGDP2-1,26420,"Houston-The Woodlands-Sugar Land, TX (Metropolitan Statistical Area)",2022,Thousands of dollars,3,645755349,
CAGDP2-1,26580,"Huntington-Ashland, WV-KY-OH (Metropolitan Statistical Area)",2022,Thousands of dollars,3,17957605,
CAGDP2-1,26580,"Huntington-Ashland, WV-KY-OH (Metropolitan Statistical Area)",2023,Thousands of dollars,3,19176990,
CAGDP2-1,26620,"Huntsville, AL (Metropolitan Statistical Area)",2023,Thousands of dollars,3,42815938,
CAGDP2-1,26620,"Huntsville, AL (Metropolitan Statistical Area)",2022,Thousands of dollars,3,38694943,
CAGDP2-1,26820,"Idaho Falls, ID (Metropolitan Statistical Area)",2022,Thousands of dollars,3,11026554,
CAGDP2-1,26820,"Idaho Falls, ID (Metropolitan Statistical Area)",2023,Thousands of dollars,3,11962936,
CAGDP2-1,26900,"Indianapolis-Carmel-Anderson, IN (Metropolitan Statistical Area)",2023,Thousands of dollars,3,199197977,
CAGDP2-1,26900,"Indianapolis-Carmel-Anderson, IN (Metropolitan Statistical Area)",2022,Thousands of dollars,3,186911799,
CAGDP2-1,26980,"Iowa City, IA (Metropolitan Statistical Area)",2022,Thousands of dollars,3,13161211,
CAGDP2-1,26980,"Iowa City, IA (Metropolitan Statistical Area)",2023,Thousands of dollars,3,13602212,
CAGDP2-1,27060,"Ithaca, NY (Metropolitan Statistical Area)",2023,Thousands of dollars,3,7388818,
CAGDP2-1,27060,"Ithaca, NY (Metropolitan Statistical Area)",2022,Thousands of dollars,3,7043792,
CAGDP2-1,27100,"Jackson, MI (Metropolitan Statistical Area)",2022,Thousands of dollars,3,8027527,
CAGDP2-1,27100,"Jackson, MI (Metropolitan Statistical Area)",2023,Thousands of dollars,3,8588193,
CAGDP2-1,27140,"Jackson, MS (Metropolitan Statistical Area)",2023,Thousands of dollars,3,37054502,
CAGDP2-1,27140,"Jackson, MS (Metropolitan Statistical Area)",2022,Thousands of dollars,3,34745130,
CAGDP2-1,27180,"Jackson, TN (Metropolitan Statistical Area)",2022,Thousands of dollars,3,10724069,
CAGDP2-1,27180,"Jackson, TN (Metropolitan Statistical Area)",2023,Thousands of dollars,3,11474534,
CAGDP2-1,27260,"Jacksonville, FL (Metropolitan Statistical Area)",2023,Thousands of dollars,3,129094522,
CAGDP2-1,27260,"Jacksonville, FL (Metropolitan Statistical Area)",2022,Thousands of dollars,3,118218099,
CAGDP2-1,27340,"Jacksonville, NC (Metropolitan Statistical Area)",2022,Thousands of dollars,3,11013766,
CAGDP2-1,27340,"Jacksonville, NC (Metropolitan Statistical Area)",2023,Thousands of dollars,3,11858614,
CAGDP2-1,27500,"Janesville-Beloit, WI (Metropolitan Statistical Area)",2023,Thousands of dollars,3,10503232,
CAGDP2-1,27500,"Janesville-Beloit, WI (Metropolitan Statistical Area)",2022,Thousands of dollars,3,9463836,
CAGDP2-1,27620,"Jefferson City, MO (Metropolitan Statistical Area)",2022,Thousands of dollars,3,9888120,
CAGDP2-1,27620,"Jefferson City, MO (Metropolitan Statistical Area)",2023,Thousands of dollars,3,10722699,
CAGDP2-1,27740,"Johnson City, TN (Metropolitan Statistical Area)",2023,Thousands of dollars,3,10758069,
CAGDP2-1,27740,"Johnson City, TN (Metropolitan Statistical Area)",2022,Thousands of dollars,3,9871048,
CAGDP2-1,27780,"Johnstown, PA (Metropolitan Statistical Area)",2022,Thousands of dollars,3,5617969,
CAGDP2-1,27780,"Johnstown, PA (Metropolitan Statistical Area)",2023,Thousands of dollars,3,6068733,
CAGDP2-1,27860,"Jonesboro, AR (Metropolitan Statistical Area)",2023,Thousands of dollars,3,7875673,
CAGDP2-1,27860,"Jonesboro, AR (Metropolitan Statistical Area)",2022,Thousands of dollars,3,7313856,
CAGDP2-1,27900,"Joplin, MO (Metropolitan Statistical Area)",2022,Thousands of dollars,3,9360781,
CAGDP2-1,27900,"Joplin, MO (Metropolitan Statistical Area)",2023,Thousands of dollars,3,9860195,
CAGDP2-1,27980,"Kahului-Wailuku-Lahaina, HI (Metropolitan Statistical Area)",2023,Thousands of dollars,3,12299263,
CAGDP2-1,27980,"Kahului-Wailuku-Lahaina, HI (Metropolitan Statistical Area)",2022,Thousands of dollars,3,11768948,
CAGDP2-1,28020,"Kalamazoo-Portage, MI (Metropolitan Statistical Area)",2022,Thousands of dollars,3,18918895,
CAGDP2-1,28020,"Kalamazoo-Portage, MI (Metropolitan Statistical Area)",2023,Thousands of dollars,3,20316132,
CAGDP2-1,28100,"Kankakee, IL (Metropolitan Statistical Area)",2023,Thousands of dollars,3,8725053,
CAGDP2-1,28100,"Kankakee, IL (Metropolitan Statistical Area)",2022,Thousands of dollars,3,8472453,
CAGDP2-1,28140,"Kansas City, MO-KS (Metropolitan Statistical Area)",2022,Thousands of dollars,3,172836236,
CAGDP2-1,28140,"Kansas City, MO-KS (Metropolitan Statistical Area)",2023,Thousands of dollars,3,185746211,
CAGDP2-1,28420,"Kennewick-Richland, WA (Metropolitan Statistical Area)",2023,Thousands of dollars,3,21082419,
CAGDP2-1,28420,"Kennewick-Richland, WA (Metropolitan Statistical Area)",2022,Thousands of dollars,3,19591568,
CAGDP2-1,28660,"Killeen-Temple, TX (Metropolitan Statistical Area)",2022,Thousands of dollars,3,24715344,
CAGDP2-1,28660,"Killeen-Temple, TX (Metropolitan Statistical Area)",2023,Thousands of dollars,3,26667324,
CAGDP2-1,28700,"Kingsport-Bristol, TN-VA (Metropolitan Statistical Area) *",2023,Thousands of dollars,3,18326336,*
CAGDP2-1,28700,"Kingsport-Bristol, TN-VA (Metropolitan Statistical Area) *",2022,Thousands of dollars,3,17442291,*
CAGDP2-1,28740,"Kingston, NY (Metropolitan Statistical Area)",2022,Thousands of dollars,3,9176969,
CAGDP2-1,28740,"Kingston, NY (Metropolitan Statistical Area)",2023,Thousands of dollars,3,9905383,
CAGDP2-1,28940,"Knoxville, TN (Metropolitan Statistical Area)",2023,Thousands of dollars,3,64382649,
CAGDP2-1,28940,"Knoxville, TN (Metropolitan Statistical Area)",2022,Thousands of dollars,3,59982094,
CAGDP2-1,29020,"Kokomo, IN (Metropolitan Statistical Area)",2022,Thousands of dollars,3,5040219,
CAGDP2-1,29020,"Kokomo, IN (Metropolitan Statistical Area)",2023,Thousands of dollars,3,5473566,
CAGDP2-1,29100,"La Crosse-Onalaska, WI-MN (Metropolitan Statistical Area)",2023,Thousands of dollars,3,10146203,
CAGDP2-1,29100,"La Crosse-Onalaska, WI-MN (Metropolitan Statistical Area)",2022,Thousands of dollars,3,9563430,
CAGDP2-1,29180,"Lafayette, LA (Metropolitan Statistical Area)",2022,Thousands of dollars,3,25733995,
CAGDP2-1,29180,"Lafayette, LA (Metropolitan Statistical Area)",2023,Thousands of dollars,3,27687065,
CAGDP2-1,29200,"Lafayette-West Lafayette, IN (Metropolitan Statistical Area)",2023,Thousands of dollars,3,14979052,
CAGDP2-1,29200,"Lafayette-West Lafayette, IN (Metropolitan Statistical Area)",2022,Thousands of dollars,3,13915932,
CAGDP2-1,29340,"Lake Charles, LA (Metropolitan Statistical Area)",2022,Thousands of dollars,3,19110127,
CAGDP2-1,29340,"Lake Charles, LA (Metropolitan Statistical Area)",2023,Thousands of dollars,3,19707364,
CAGDP2-1,29420,"Lake Havasu City-Kingman, AZ (Metropolitan Statistical Area)",2023,Thousands of dollars,3,8845478,
CAGDP2-1,29420,"Lake Havasu City-Kingman, AZ (Metropolitan Statistical Area)",2022,Thousands of dollars,3,8123065,
CAGDP2-1,29460,"Lakeland-Winter Haven, FL (Metropolitan Statistical Area)",2022,Thousands of dollars,3,38523043,
CAGDP2-1,29460,"Lakeland-Winter Haven, FL (Metropolitan Statistical Area)",2023,Thousands of dollars,3,41081699,
CAGDP2-1,29540,"Lancaster, PA (Metropolitan Statistical Area)",2023,Thousands of dollars,3,38970487,
CAGDP2-1,29540,"Lancaster, PA (Metropolitan Statistical Area)",2022,Thousands of dollars,3,36854449,
CAGDP2-1,29620,"Lansing-East Lansing, MI (Metropolitan Statistical Area)",2022,Thousands of dollars,3,32908495,
CAGDP2-1,29620,"Lansing-East Lansing, MI (Metropolitan Statistical Area)",2023,Thousands of dollars,3,35439859,
CAGDP2-1,29700,"Laredo, TX (Metropolitan Statistical Area)",2023,Thousands of dollars,3,16186701,
CAGDP2-1,29700,"Laredo, TX (Metropolitan Statistical Area)",2022,Thousands of dollars,3,17129191,
CAGDP2-1,29740,"Las Cruces, NM (Metropolitan Statistical Area)",2022,Thousands of dollars,3,9640797,
CAGDP2-1,29740,"Las Cruces, NM (Metropolitan Statistical Area)",2023,Thousands of dollars,3,10565364,
CAGDP2-1,29820,"Las Vegas-Henderson-Paradise, NV (Metropolitan Statistical Area)",2023,Thousands of dollars,3,178388313,
CAGDP2-1,29820,"Las Vegas-Henderson-Paradise, NV (Metropolitan Statistical Area)",2022,Thousands of dollars,3,164029159,
CAGDP2-1,29940,"Lawrence, KS (Metropolitan Statistical Area)",2022,Thousands of dollars,3,6203251,
CAGDP2-1,29940,"Lawrence, KS (Metropolitan Statistical Area)",2023,Thousands of dollars,3,6741959,
CAGDP2-1,30020,"Lawton, OK (Metropolitan Statistical Area)",2023,Thousands of dollars,3,6838293,
CAGDP2-1,30020,"Lawton, OK (Metropolitan Statistical Area)",2022,Thousands of dollars,3,6378740,
CAGDP2-1,30140,"Lebanon, PA (Metropolitan Statistical Area)",2022,Thousands of dollars,3,7462278,
CAGDP2-1,30140,"Lebanon, PA (Metropolitan Statistical Area)",2023,Thousands of dollars,3,7912272,
CAGDP2-1,30300,"Lewiston, ID-WA (Metropolitan Statistical Area)",2023,Thousands of dollars,3,3915782,
CAGDP2-1,30300,"Lewiston, ID-WA (Metropolitan Statistical Area)",2022,Thousands of dollars,3,3673111,
CAGDP2-1,30340,"Lewiston-Auburn, ME (Metropolitan Statistical Area)",2022,Thousands of dollars,3,6214350,
CAGDP2-1,30340,"Lewiston-Auburn, ME (Metropolitan Statistical Area)",2023,Thousands of dollars,3,6750171,
CAGDP2-1,30460,"Lexington-Fayette, KY (Metropolitan Statistical Area)",2023,Thousands of dollars,3,38612656,
CAGDP2-1,30460,"Lexington-Fayette, KY (Metropolitan Statistical Area)",2022,Thousands of dollars,3,35853700,
CAGDP2-1,30620,"Lima, OH (Metropolitan Statistical Area)",2023,Thousands of dollars,3,11599931,
CAGDP2-1,30620,"Lima, OH (Metropolitan Statistical Area)",2022,Thousands of dollars,3,11496300,
CAGDP2-1,30700,"Lincoln, NE (Metropolitan Statistical Area)",2023,Thousands of dollars,3,27995268,
CAGDP2-1,30700,"Lincoln, NE (Metropolitan Statistical Area)",2022,Thousands of dollars,3,25893577,
CAGDP2-1,30780,"Little Rock-North Little Rock-Conway, AR (Metropolitan Statistical Area)",2022,Thousands of dollars,3,47454367,
CAGDP2-1,30780,"Little Rock-North Little Rock-Conway, AR (Metropolitan Statistical Area)",2023,Thousands of dollars,3,51199275,
CAGDP2-1,30860,"Logan, UT-ID (Metropolitan Statistical Area)",2023,Thousands of dollars,3,8907030,
CAGDP2-1,30860,"Logan, UT-ID (Metropolitan Statistical Area)",2022,Thousands of dollars,3,8189745,
CAGDP2-1,30980,"Longview, TX (Metropolitan Statistical Area)",2022,Thousands of dollars,3,20153725,
CAGDP2-1,30980,"Longview, TX (Metropolitan Statistical Area)",2023,Thousands of dollars,3,20024488,
CAGDP2-1,31020,"Longview, WA (Metropolitan Statistical Area)",2023,Thousands of dollars,3,7096628,
CAGDP2-1,31020,"Longview, WA (Metropolitan Statistical Area)",2022,Thousands of dollars,3,6773557,
CAGDP2-1,31080,"Los Angeles-Long Beach-Anaheim, CA (Metropolitan Statistical Area)",2023,Thousands of dollars,3,1295361403,
CAGDP2-1,31080,"Los Angeles-Long Beach-Anaheim, CA (Metropolitan Statistical Area)",2022,Thousands of dollars,3,1235919800,
CAGDP2-1,31140,"Louisville/Jefferson County, KY-IN (Metropolitan Statistical Area)",2023,Thousands of dollars,3,97751023,
CAGDP2-1,31140,"Louisville/Jefferson County, KY-IN (Metropolitan Statistical Area)",2022,Thousands of dollars,3,91362832,
CAGDP2-1,31180,"Lubbock, TX (Metropolitan Statistical Area)",2022,Thousands of dollars,3,18382935,
CAGDP2-1,31180,"Lubbock, TX (Metropolitan Statistical Area)",2023,Thousands of dollars,3,19655310,
CAGDP2-1,31340,"Lynchburg, VA (Metropolitan Statistical Area) *",2023,Thousands of dollars,3,13511861,*
CAGDP2-1,31340,"Lynchburg, VA (Metropolitan Statistical Area) *",2022,Thousands of dollars,3,12481936,*
CAGDP2-1,31420,"Macon-Bibb County, GA (Metropolitan Statistical Area)",2022,Thousands of dollars,3,12914807,
CAGDP2-1,31420,"Macon-Bibb County, GA (Metropolitan Statistical Area)",2023,Thousands of dollars,3,13337109,
CAGDP2-1,31460,"Madera, CA (Metropolitan Statistical Area)",2023,Thousands of dollars,3,8025001,
CAGDP2-1,31460,"Madera, CA (Metropolitan Statistical Area)",2022,Thousands of dollars,3,7563022,
CAGDP2-1,31540,"Madison, WI (Metropolitan Statistical Area)",2022,Thousands of dollars,3,61328792,
CAGDP2-1,31540,"Madison, WI (Metropolitan Statistical Area)",2023,Thousands of dollars,3,66115608,
CAGDP2-1,31700,"Manchester-Nashua, NH (Metropolitan Statistical Area)",2023,Thousands of dollars,3,36596890,
CAGDP2-1,31700,"Manchester-Nashua, NH (Metropolitan Statistical Area)",2022,Thousands of dollars,3,34499830,
CAGDP2-1,31740,"Manhattan, KS (Metropolitan Statistical Area)",2022,Thousands of dollars,3,8490282,
CAGDP2-1,31740,"Manhattan, KS (Metropolitan Statistical Area)",2023,Thousands of dollars,3,8802533,
CAGDP2-1,31860,"Mankato, MN (Metropolitan Statistical Area)",2023,Thousands of dollars,3,7182368,
CAGDP2-1,31860,"Mankato, MN (Metropolitan Statistical Area)",2022,Thousands of dollars,3,6896213,
CAGDP2-1,31900,"Mansfield, OH (Metropolitan Statistical Area)",2022,Thousands of dollars,3,5512280,
CAGDP2-1,31900,"Mansfield, OH (Metropolitan Statistical Area)",2023,Thousands of dollars,3,5920097,
CAGDP2-1,32580,"McAllen-Edinburg-Mission, TX (Metropolitan Statistical Area)",2023,Thousands of dollars,3,30225234,
CAGDP2-1,32580,"McAllen-Edinburg-Mission, TX (Metropolitan Statistical Area)",2022,Thousands of dollars,3,28069132,
CAGDP2-1,32780,"Medford, OR (Metropolitan Statistical Area)",2022,Thousands of dollars,3,11936621,
CAGDP2-1,32780,"Medford, OR (Metropolitan Statistical Area)",2023,Thousands of dollars,3,12853288,
CAGDP2-1,32820,"Memphis, TN-MS-AR (Metropolitan Statistical Area)",2023,Thousands of dollars,3,102934012,
CAGDP2-1,32820,"Memphis, TN-MS-AR (Metropolitan Statistical Area)",2022,Thousands of dollars,3,96976712,
CAGDP2-1,32900,"Merced, CA (Metropolitan Statistical Area)",2023,Thousands of dollars,3,12214481,
CAGDP2-1,32900,"Merced, CA (Metropolitan Statistical Area)",2022,Thousands of dollars,3,11841720,
CAGDP2-1,33100,"Miami-Fort Lauderdale-Pompano Beach, FL (Metropolitan Statistical Area)",2023,Thousands of dollars,3,533673895,
CAGDP2-1,33100,"Miami-Fort Lauderdale-Pompano Beach, FL (Metropolitan Statistical Area)",2022,Thousands of dollars,3,490645936,
CAGDP2-1,33140,"Michigan City-La Porte, IN (Metropolitan Statistical Area)",2022,Thousands of dollars,3,5301184,
CAGDP2-1,33140,"Michigan City-La Porte, IN (Metropolitan Statistical Area)",2023,Thousands of dollars,3,5676096,
CAGDP2-1,33220,"Midland, MI (Metropolitan Statistical Area)",2023,Thousands of dollars,3,7636137,
CAGDP2-1,33220,"Midland, MI (Metropolitan Statistical Area)",2022,Thousands of dollars,3,7032957,
CAGDP2-1,33260,"Midland, TX (Metropolitan Statistical Area)",2022,Thousands of dollars,3,54786068,
CAGDP2-1,33260,"Midland, TX (Metropolitan Statistical Area)",2023,Thousands of dollars,3,53664570,
CAGDP2-1,33340,"Milwaukee-Waukesha, WI (Metropolitan Statistical Area)",2023,Thousands of dollars,3,130856689,
CAGDP2-1,33340,"Milwaukee-Waukesha, WI (Metropolitan Statistical Area)",2022,Thousands of dollars,3,122210092,
CAGDP2-1,33460,"Minneapolis-St. Paul-Bloomington, MN-WI (Metropolitan Statistical Area)",2022,Thousands of dollars,3,328636922,
CAGDP2-1,33460,"Minneapolis-St. Paul-Bloomington, MN-WI (Metropolitan Statistical Area)",2023,Thousands of dollars,3,350710432,
CAGDP2-1,33540,"Missoula, MT (Metropolitan Statistical Area)",2023,Thousands of dollars,3,8201713,
CAGDP2-1,33540,"Missoula, MT (Metropolitan Statistical Area)",2022,Thousands of dollars,3,7541119,
CAGDP2-1,33660,"Mobile, AL (Metropolitan Statistical Area)",2023,Thousands of dollars,3,29553574,
CAGDP2-1,33660,"Mobile, AL (Metropolitan Statistical Area)",2022,Thousands of dollars,3,27630065,
CAGDP2-1,33700,"Modesto, CA (Metropolitan Statistical Area)",2023,Thousands of dollars,3,30597632,
CAGDP2-1,33700,"Modesto, CA (Metropolitan Statistical Area)",2022,Thousands of dollars,3,29053478,
CAGDP2-1,33740,"Monroe, LA (Metropolitan Statistical Area)",2022,Thousands of dollars,3,9606843,
CAGDP2-1,33740,"Monroe, LA (Metropolitan Statistical Area)",2023,Thousands of dollars,3,10276428,
CAGDP2-1,33780,"Monroe, MI (Metropolitan Statistical Area)",2023,Thousands of dollars,3,7956412,
CAGDP2-1,33780,"Monroe, MI (Metropolitan Statistical Area)",2022,Thousands of dollars,3,7456452,
CAGDP2-1,33860,"Montgomery, AL (Metropolitan Statistical Area)",2022,Thousands of dollars,3,22199708,
CAGDP2-1,33860,"Montgomery, AL (Metropolitan Statistical Area)",2023,Thousands of dollars,3,24065840,
CAGDP2-1,34060,"Morgantown, WV (Metropolitan Statistical Area)",2023,Thousands of dollars,3,10070965,
CAGDP2-1,34060,"Morgantown, WV (Metropolitan Statistical Area)",2022,Thousands of dollars,3,9718097,
CAGDP2-1,34100,"Morristown, TN (Metropolitan Statistical Area)",2022,Thousands of dollars,3,6857928,
CAGDP2-1,34100,"Morristown, TN (Metropolitan Statistical Area)",2023,Thousands of dollars,3,7387094,
CAGDP2-1,34580,"Mount Vernon-Anacortes, WA (Metropolitan Statistical Area)",2023,Thousands of dollars,3,8858346,
CAGDP2-1,34580,"Mount Vernon-Anacortes, WA (Metropolitan Statistical Area)",2022,Thousands of dollars,3,8619679,
CAGDP2-1,34620,"Muncie, IN (Metropolitan Statistical Area)",2022,Thousands of dollars,3,5086293,
CAGDP2-1,34620,"Muncie, IN (Metropolitan Statistical Area)",2023,Thousands of dollars,3,5333469,
CAGDP2-1,34740,"Muskegon, MI (Metropolitan Statistical Area)",2023,Thousands of dollars,3,8004713,
CAGDP2-1,34740,"Muskegon, MI (Metropolitan Statistical Area)",2022,Thousands of dollars,3,7483302,
CAGDP2-1,34820,"Myrtle Beach-Conway-North Myrtle Beach, SC-NC (Metropolitan Statistical Area)",2023,Thousands of dollars,3,27945154,
CAGDP2-1,34820,"Myrtle Beach-Conway-North Myrtle Beach, SC-NC (Metropolitan Statistical Area)",2022,Thousands of dollars,3,25541731,
CAGDP2-1,34900,"Napa, CA (Metropolitan Statistical Area)",2023,Thousands of dollars,3,14227116,
CAGDP2-1,34900,"Napa, CA (Metropolitan Statistical Area)",2022,Thousands of dollars,3,12883765,
CAGDP2-1,34940,"Naples-Marco Island, FL (Metropolitan Statistical Area)",2022,Thousands of dollars,3,28718587,
CAGDP2-1,34940,"Naples-Marco Island, FL (Metropolitan Statistical Area)",2023,Thousands of dollars,3,31526854,
CAGDP2-1,34980,"Nashville-Davidson--Murfreesboro--Franklin, TN (Metropolitan Statistical Area)",2023,Thousands of dollars,3,204861124,
CAGDP2-1,34980,"Nashville-Davidson--Murfreesboro--Franklin, TN (Metropolitan Statistical Area)",2022,Thousands of dollars,3,188626277,
CAGDP2-1,35100,"New Bern, NC (Metropolitan Statistical Area)",2022,Thousands of dollars,3,6726133,
CAGDP2-1,35100,"New Bern, NC (Metropolitan Statistical Area)",2023,Thousands of dollars,3,7196683,
CAGDP2-1,35300,"New Haven-Milford, CT (Metropolitan Statistical Area)",2023,Thousands of dollars,3,65232142,
CAGDP2-1,35300,"New Haven-Milford, CT (Metropolitan Statistical Area)",2022,Thousands of dollars,3,61021149,
CAGDP2-1,35380,"New Orleans-Metairie, LA (Metropolitan Statistical Area)",2022,Thousands of dollars,3,96695332,
CAGDP2-1,35380,"New Orleans-Metairie, LA (Metropolitan Statistical Area)",2023,Thousands of dollars,3,102436589,
CAGDP2-1,35620,"New York-Newark-Jersey City, NY-NJ-PA (Metropolitan Statistical Area)",2023,Thousands of dollars,3,2298868394,
CAGDP2-1,35620,"New York-Newark-Jersey City, NY-NJ-PA (Metropolitan Statistical Area)",2022,Thousands of dollars,3,2171527782,
CAGDP2-1,35660,"Niles, MI (Metropolitan Statistical Area)",2022,Thousands of dollars,3,9074076,
CAGDP2-1,35660,"Niles, MI (Metropolitan Statistical Area)",2023,Thousands of dollars,3,9484269,
CAGDP2-1,35840,"North Port-Sarasota-Bradenton, FL (Metropolitan Statistical Area)",2023,Thousands of dollars,3,56607597,
CAGDP2-1,35840,"North Port-Sarasota-Bradenton, FL (Metropolitan Statistical Area)",2022,Thousands of dollars,3,51370821,
CAGDP2-1,35980,"Norwich-New London, CT (Metropolitan Statistical Area)",2022,Thousands of dollars,3,22237132,
CAGDP2-1,35980,"Norwich-New London, CT (Metropolitan Statistical Area)",2023,Thousands of dollars,3,23909840,
CAGDP2-1,36100,"Ocala, FL (Metropolitan Statistical Area)",2023,Thousands of dollars,3,15982712,
CAGDP2-1,36100,"Ocala, FL (Metropolitan Statistical Area)",2022,Thousands of dollars,3,14408096,
CAGDP2-1,36140,"Ocean City, NJ (Metropolitan Statistical Area)",2022,Thousands of dollars,3,7040753,
CAGDP2-1,36140,"Ocean City, NJ (Metropolitan Statistical Area)",2023,Thousands of dollars,3,7772540,
CAGDP2-1,36220,"Odessa, TX (Metropolitan Statistical Area)",2023,Thousands of dollars,3,15658079,
CAGDP2-1,36220,"Odessa, TX (Metropolitan Statistical Area)",2022,Thousands of dollars,3,14374961,
CAGDP2-1,36260,"Ogden-Clearfield, UT (Metropolitan Statistical Area)",2022,Thousands of dollars,3,40636437,
CAGDP2-1,36260,"Ogden-Clearfield, UT (Metropolitan Statistical Area)",2023,Thousands of dollars,3,43646961,
CAGDP2-1,36420,"Oklahoma City, OK (Metropolitan Statistical Area)",2023,Thousands of dollars,3,100054101,
CAGDP2-1,36420,"Oklahoma City, OK (Metropolitan Statistical Area)",2022,Thousands of dollars,3,95028942,
CAGDP2-1,36500,"Olympia-Lacey-Tumwater, WA (Metropolitan Statistical Area)",2022,Thousands of dollars,3,18715298,
CAGDP2-1,36500,"Olympia-Lacey-Tumwater, WA (Metropolitan Statistical Area)",2023,Thousands of dollars,3,19969972,
CAGDP2-1,36540,"Omaha-Council Bluffs, NE-IA (Metropolitan Statistical Area)",2023,Thousands of dollars,3,92356612,
CAGDP2-1,36540,"Omaha-Council Bluffs, NE-IA (Metropolitan Statistical Area)",2022,Thousands of dollars,3,86269264,
CAGDP2-1,36740,"Orlando-Kissimmee-Sanford, FL (Metropolitan Statistical Area)",2022,Thousands of dollars,3,197237311,
CAGDP2-1,36740,"Orlando-Kissimmee-Sanford, FL (Metropolitan Statistical Area)",2023,Thousands of dollars,3,217038119,
CAGDP2-1,36780,"Oshkosh-Neenah, WI (Metropolitan Statistical Area)",2023,Thousands of dollars,3,13408456,
CAGDP2-1,36780,"Oshkosh-Neenah, WI (Metropolitan Statistical Area)",2022,Thousands of dollars,3,12534634,
CAGDP2-1,36980,"Owensboro, KY (Metropolitan Statistical Area)",2022,Thousands of dollars,3,6789825,
CAGDP2-1,36980,"Owensboro, KY (Metropolitan Statistical Area)",2023,Thousands of dollars,3,7142735,
CAGDP2-1,37100,"Oxnard-Thousand Oaks-Ventura, CA (Metropolitan Statistical Area)",2023,Thousands of dollars,3,65991334,
CAGDP2-1,37100,"Oxnard-Thousand Oaks-Ventura, CA (Metropolitan Statistical Area)",2022,Thousands of dollars,3,62945230,
CAGDP2-1,37340,"Palm Bay-Melbourne-Titusville, FL (Metropolitan Statistical Area)",2022,Thousands of dollars,3,35550941,
CAGDP2-1,37340,"Palm Bay-Melbourne-Titusville, FL (Metropolitan Statistical Area)",2023,Thousands of dollars,3,39591386,
CAGDP2-1,37460,"Panama City, FL (Metropolitan Statistical Area)",2023,Thousands of dollars,3,12731669,
CAGDP2-1,37460,"Panama City, FL (Metropolitan Statistical Area)",2022,Thousands of dollars,3,11676062,
CAGDP2-1,37620,"Parkersburg-Vienna, WV (Metropolitan Statistical Area)",2022,Thousands of dollars,3,4374866,
CAGDP2-1,37620,"Parkersburg-Vienna, WV (Metropolitan Statistical Area)",2023,Thousands of dollars,3,4711556,
CAGDP2-1,37860,"Pensacola-Ferry Pass-Brent, FL (Metropolitan Statistical Area)",2023,Thousands of dollars,3,29977030,
CAGDP2-1,37860,"Pensacola-Ferry Pass-Brent, FL (Metropolitan Statistical Area)",2022,Thousands of dollars,3,27691719,
CAGDP2-1,37900,"Peoria, IL (Metropolitan Statistical Area)",2022,Thousands of dollars,3,26375066,
CAGDP2-1,37900,"Peoria, IL (Metropolitan Statistical Area)",2023,Thousands of dollars,3,27879142,
CAGDP2-1,37980,"Philadelphia-Camden-Wilmington, PA-NJ-DE-MD (Metropolitan Statistical Area)",2023,Thousands of dollars,3,557600681,
CAGDP2-1,37980,"Philadelphia-Camden-Wilmington, PA-NJ-DE-MD (Metropolitan Statistical Area)",2022,Thousands of dollars,3,523915576,
CAGDP2-1,38060,"Phoenix-Mesa-Chandler, AZ (Metropolitan Statistical Area)",2022,Thousands of dollars,3,368730163,
CAGDP2-1,38060,"Phoenix-Mesa-Chandler, AZ (Metropolitan Statistical Area)",2023,Thousands of dollars,3,398129452,
CAGDP2-1,38220,"Pine Bluff, AR (Metropolitan Statistical Area)",2022,Thousands of dollars,3,4134750,
CAGDP2-1,38220,"Pine Bluff, AR (Metropolitan Statistical Area)",2023,Thousands of dollars,3,4146574,
CAGDP2-1,38300,"Pittsburgh, PA (Metropolitan Statistical Area)",2022,Thousands of dollars,3,183460746,
CAGDP2-1,38300,"Pittsburgh, PA (Metropolitan Statistical Area)",2023,Thousands of dollars,3,194229253,
CAGDP2-1,38340,"Pittsfield, MA (Metropolitan Statistical Area)",2023,Thousands of dollars,3,8955924,
CAGDP2-1,38340,"Pittsfield, MA (Metropolitan Statistical Area)",2022,Thousands of dollars,3,8373381,
CAGDP2-1,38540,"Pocatello, ID (Metropolitan Statistical Area)",2022,Thousands of dollars,3,4327463,
CAGDP2-1,38540,"Pocatello, ID (Metropolitan Statistical Area)",2023,Thousands of dollars,3,4569769,
CAGDP2-1,38860,"Portland-South Portland, ME (Metropolitan Statistical Area)",2023,Thousands of dollars,3,48037136,
CAGDP2-1,38860,"Portland-South Portland, ME (Metropolitan Statistical Area)",2022,Thousands of dollars,3,44050826,
CAGDP2-1,38900,"Portland-Vancouver-Hillsboro, OR-WA (Metropolitan Statistical Area)",2022,Thousands of dollars,3,205427881,
CAGDP2-1,38900,"Portland-Vancouver-Hillsboro, OR-WA (Metropolitan Statistical Area)",2023,Thousands of dollars,3,218894399,
CAGDP2-1,38940,"Port St. Lucie, FL (Metropolitan Statistical Area)",2023,Thousands of dollars,3,27153067,
CAGDP2-1,38940,"Port St. Lucie, FL (Metropolitan Statistical Area)",2022,Thousands of dollars,3,24921556,
CAGDP2-1,39100,"Poughkeepsie-Newburgh-Middletown, NY (Metropolitan Statistical Area)",2022,Thousands of dollars,3,42181158,
CAGDP2-1,39100,"Poughkeepsie-Newburgh-Middletown, NY (Metropolitan Statistical Area)",2023,Thousands of dollars,3,44456116,
CAGDP2-1,39150,"Prescott Valley-Prescott, AZ (Metropolitan Statistical Area)",2023,Thousands of dollars,3,10755479,
CAGDP2-1,39150,"Prescott Valley-Prescott, AZ (Metropolitan Statistical Area)",2022,Thousands of dollars,3,9896269,
CAGDP2-1,39300,"Providence-Warwick, RI-MA (Metropolitan Statistical Area)",2022,Thousands of dollars,3,105371937,
CAGDP2-1,39300,"Providence-Warwick, RI-MA (Metropolitan Statistical Area)",2023,Thousands of dollars,3,111839552,
CAGDP2-1,39340,"Provo-Orem, UT (Metropolitan Statistical Area)",2023,Thousands of dollars,3,45033143,
CAGDP2-1,39340,"Provo-Orem, UT (Metropolitan Statistical Area)",2022,Thousands of dollars,3,41336744,
CAGDP2-1,39380,"Pueblo, CO (Metropolitan Statistical Area)",2022,Thousands of dollars,3,7754246,
CAGDP2-1,39380,"Pueblo, CO (Metropolitan Statistical Area)",2023,Thousands of dollars,3,8576776,
CAGDP2-1,39460,"Punta Gorda, FL (Metropolitan Statistical Area)",2023,Thousands of dollars,3,8701074,
CAGDP2-1,39460,"Punta Gorda, FL (Metropolitan Statistical Area)",2022,Thousands of dollars,3,7792528,
CAGDP2-1,39540,"Racine, WI (Metropolitan Statistical Area)",2022,Thousands of dollars,3,10124619,
CAGDP2-1,39540,"Racine, WI (Metropolitan Statistical Area)",2023,Thousands of dollars,3,10914885,
CAGDP2-1,39580,"Raleigh-Cary, NC (Metropolitan Statistical Area)",2023,Thousands of dollars,3,133081325,
CAGDP2-1,39580,"Raleigh-Cary, NC (Metropolitan Statistical Area)",2022,Thousands of dollars,3,121565814,
CAGDP2-1,39660,"Rapid City, SD (Metropolitan Statistical Area)",2023,Thousands of dollars,3,9425612,
CAGDP2-1,39660,"Rapid City, SD (Metropolitan Statistical Area)",2022,Thousands of dollars,3,8664682,
CAGDP2-1,39740,"Reading, PA (Metropolitan Statistical Area)",2023,Thousands of dollars,3,25974930,
CAGDP2-1,39740,"Reading, PA (Metropolitan Statistical Area)",2022,Thousands of dollars,3,24128186,
CAGDP2-1,39820,"Redding, CA (Metropolitan Statistical Area)",2022,Thousands of dollars,3,10094160,
CAGDP2-1,39820,"Redding, CA (Metropolitan Statistical Area)",2023,Thousands of dollars,3,11047068,
CAGDP2-1,39900,"Reno, NV (Metropolitan Statistical Area)",2023,Thousands of dollars,3,43148385,
CAGDP2-1,39900,"Reno, NV (Metropolitan Statistical Area)",2022,Thousands of dollars,3,40162167,
CAGDP2-1,40060,"Richmond, VA (Metropolitan Statistical Area) *",2022,Thousands of dollars,3,109830140,*
CAGDP2-1,40060,"Richmond, VA (Metropolitan Statistical Area) *",2023,Thousands of dollars,3,116959541,*
CAGDP2-1,40140,"Riverside-San Bernardino-Ontario, CA (Metropolitan Statistical Area)",2023,Thousands of dollars,3,256859082,
CAGDP2-1,40140,"Riverside-San Bernardino-Ontario, CA (Metropolitan Statistical Area)",2022,Thousands of dollars,3,241879044,
CAGDP2-1,40220,"Roanoke, VA (Metropolitan Statistical Area) *",2022,Thousands of dollars,3,19991283,*
CAGDP2-1,40220,"Roanoke, VA (Metropolitan Statistical Area) *",2023,Thousands of dollars,3,21742564,*
CAGDP2-1,40340,"Rochester, MN (Metropolitan Statistical Area)",2023,Thousands of dollars,3,17948981,
CAGDP2-1,40340,"Rochester, MN (Metropolitan Statistical Area)",2022,Thousands of dollars,3,16693886,
CAGDP2-1,40380,"Rochester, NY (Metropolitan Statistical Area)",2022,Thousands of dollars,3,74554450,
CAGDP2-1,40380,"Rochester, NY (Metropolitan Statistical Area)",2023,Thousands of dollars,3,78469076,
CAGDP2-1,40420,"Rockford, IL (Metropolitan Statistical Area)",2023,Thousands of dollars,3,19712066,
CAGDP2-1,40420,"Rockford, IL (Metropolitan Statistical Area)",2022,Thousands of dollars,3,18570815,
CAGDP2-1,40580,"Rocky Mount, NC (Metropolitan Statistical Area)",2022,Thousands of dollars,3,8136011,
CAGDP2-1,40580,"Rocky Mount, NC (Metropolitan Statistical Area)",2023,Thousands of dollars,3,8732690,
CAGDP2-1,40660,"Rome, GA (Metropolitan Statistical Area)",2023,Thousands of dollars,3,5449843,
CAGDP2-1,40660,"Rome, GA (Metropolitan Statistical Area)",2022,Thousands of dollars,3,5047484,
CAGDP2-1,40900,"Sacramento-Roseville-Folsom, CA (Metropolitan Statistical Area)",2022,Thousands of dollars,3,177317804,
CAGDP2-1,40900,"Sacramento-Roseville-Folsom, CA (Metropolitan Statistical Area)",2023,Thousands of dollars,3,189624282,
CAGDP2-1,40980,"Saginaw, MI (Metropolitan Statistical Area)",2023,Thousands of dollars,3,10801688,
CAGDP2-1,40980,"Saginaw, MI (Metropolitan Statistical Area)",2022,Thousands of dollars,3,10030320,
CAGDP2-1,41060,"St. Cloud, MN (Metropolitan Statistical Area)",2022,Thousands of dollars,3,13461701,
CAGDP2-1,41060,"St. Cloud, MN (Metropolitan Statistical Area)",2023,Thousands of dollars,3,14190740,
CAGDP2-1,41100,"St. George, UT (Metropolitan Statistical Area)",2023,Thousands of dollars,3,10742891,
CAGDP2-1,41100,"St. George, UT (Metropolitan Statistical Area)",2022,Thousands of dollars,3,9861961,
CAGDP2-1,41140,"St. Joseph, MO-KS (Metropolitan Statistical Area)",2022,Thousands of dollars,3,7030545,
CAGDP2-1,41140,"St. Joseph, MO-KS (Metropolitan Statistical Area)",2023,Thousands of dollars,3,7528526,
CAGDP2-1,41180,"St. Louis, MO-IL (Metropolitan Statistical Area)",2023,Thousands of dollars,3,226548910,
CAGDP2-1,41180,"St. Louis, MO-IL (Metropolitan Statistical Area)",2022,Thousands of dollars,3,211528063,
CAGDP2-1,41420,"Salem, OR (Metropolitan Statistical Area)",2022,Thousands of dollars,3,23956640,
CAGDP2-1,41420,"Salem, OR (Metropolitan Statistical Area)",2023,Thousands of dollars,3,25733543,
CAGDP2-1,41500,"Salinas, CA (Metropolitan Statistical Area)",2023,Thousands of dollars,3,36861463,
CAGDP2-1,41500,"Salinas, CA (Metropolitan Statistical Area)",2022,Thousands of dollars,3,34783794,
CAGDP2-1,41540,"Salisbury, MD-DE (Metropolitan Statistical Area)",2022,Thousands of dollars,3,29053004,
CAGDP2-1,41540,"Salisbury, MD-DE (Metropolitan Statistical Area)",2023,Thousands of dollars,3,30830418,
CAGDP2-1,41620,"Salt Lake City, UT (Metropolitan Statistical Area)",2023,Thousands of dollars,3,147519150,
CAGDP2-1,41620,"Salt Lake City, UT (Metropolitan Statistical Area)",2022,Thousands of dollars,3,137131768,
CAGDP2-1,41660,"San Angelo, TX (Metropolitan Statistical Area)",2022,Thousands of dollars,3,9335577,
CAGDP2-1,41660,"San Angelo, TX (Metropolitan Statistical Area)",2023,Thousands of dollars,3,9613209,
CAGDP2-1,41700,"San Antonio-New Braunfels, TX (Metropolitan Statistical Area)",2023,Thousands of dollars,3,182139043,
CAGDP2-1,41700,"San Antonio-New Braunfels, TX (Metropolitan Statistical Area)",2022,Thousands of dollars,3,167149046,
CAGDP2-1,41740,"San Diego-Chula Vista-Carlsbad, CA (Metropolitan Statistical Area)",2022,Thousands of dollars,3,296451332,
CAGDP2-1,41740,"San Diego-Chula Vista-Carlsbad, CA (Metropolitan Statistical Area)",2023,Thousands of dollars,3,314943175,
CAGDP2-1,41860,"San Francisco-Oakland-Berkeley, CA (Metropolitan Statistical Area)",2023,Thousands of dollars,3,778877804,
CAGDP2-1,41860,"San Francisco-Oakland-Berkeley, CA (Metropolitan Statistical Area)",2022,Thousands of dollars,3,731715579,
CAGDP2-1,41940,"San Jose-Sunnyvale-Santa Clara, CA (Metropolitan Statistical Area)",2022,Thousands of dollars,3,397012698,
CAGDP2-1,41940,"San Jose-Sunnyvale-Santa Clara, CA (Metropolitan Statistical Area)",2023,Thousands of dollars,3,422817456,
CAGDP2-1,42020,"San Luis Obispo-Paso Robles, CA (Metropolitan Statistical Area)",2023,Thousands of dollars,3,22753294,
CAGDP2-1,42020,"San Luis Obispo-Paso Robles, CA (Metropolitan Statistical Area)",2022,Thousands of dollars,3,22112254,
CAGDP2-1,42100,"Santa Cruz-Watsonville, CA (Metropolitan Statistical Area)",2022,Thousands of dollars,3,19143390,
CAGDP2-1,42100,"Santa Cruz-Watsonville, CA (Metropolitan Statistical Area)",2023,Thousands of dollars,3,20186709,
CAGDP2-1,42140,"Santa Fe, NM (Metropolitan Statistical Area)",2022,Thousands of dollars,3,8703754,
CAGDP2-1,42140,"Santa Fe, NM (Metropolitan Statistical Area)",2023,Thousands of dollars,3,9278913,
CAGDP2-1,42200,"Santa Maria-Santa Barbara, CA (Metropolitan Statistical Area)",2022,Thousands of dollars,3,36669901,
CAGDP2-1,42200,"Santa Maria-Santa Barbara, CA (Metropolitan Statistical Area)",2023,Thousands of dollars,3,38512465,
CAGDP2-1,42220,"Santa Rosa-Petaluma, CA (Metropolitan Statistical Area)",2023,Thousands of dollars,3,38453328,
CAGDP2-1,42220,"Santa Rosa-Petaluma, CA (Metropolitan Statistical Area)",2022,Thousands of dollars,3,36399939,
CAGDP2-1,42340,"Savannah, GA (Metropolitan Statistical Area)",2022,Thousands of dollars,3,29481110,
CAGDP2-1,42340,"Savannah, GA (Metropolitan Statistical Area)",2023,Thousands of dollars,3,32395522,
CAGDP2-1,42540,"Scranton--Wilkes-Barre, PA (Metropolitan Statistical Area)",2022,Thousands of dollars,3,32339357,
CAGDP2-1,42540,"Scranton--Wilkes-Barre, PA (Metropolitan Statistical Area)",2023,Thousands of dollars,3,34511287,
CAGDP2-1,42660,"Seattle-Tacoma-Bellevue, WA (Metropolitan Statistical Area)",2022,Thousands of dollars,3,515993289,
CAGDP2-1,42660,"Seattle-Tacoma-Bellevue, WA (Metropolitan Statistical Area)",2023,Thousands of dollars,3,566741523,
CAGDP2-1,42680,"Sebastian-Vero Beach, FL (Metropolitan Statistical Area)",2022,Thousands of dollars,3,9400091,
CAGDP2-1,42680,"Sebastian-Vero Beach, FL (Metropolitan Statistical Area)",2023,Thousands of dollars,3,10207144,
CAGDP2-1,42700,"Sebring-Avon Park, FL (Metropolitan Statistical Area)",2022,Thousands of dollars,3,3245963,
CAGDP2-1,42700,"Sebring-Avon Park, FL (Metropolitan Statistical Area)",2023,Thousands of dollars,3,3583095,
CAGDP2-1,43100,"Sheboygan, WI (Metropolitan Statistical Area)",2023,Thousands of dollars,3,8738603,
CAGDP2-1,43100,"Sheboygan, WI (Metropolitan Statistical Area)",2022,Thousands of dollars,3,8120028,
CAGDP2-1,43300,"Sherman-Denison, TX (Metropolitan Statistical Area)",2022,Thousands of dollars,3,6553883,
CAGDP2-1,43300,"Sherman-Denison, TX (Metropolitan Statistical Area)",2023,Thousands of dollars,3,7289716,
CAGDP2-1,43340,"Shreveport-Bossier City, LA (Metropolitan Statistical Area)",2022,Thousands of dollars,3,27492576,
CAGDP2-1,43340,"Shreveport-Bossier City, LA (Metropolitan Statistical Area)",2023,Thousands of dollars,3,27913122,
CAGDP2-1,43420,"Sierra Vista-Douglas, AZ (Metropolitan Statistical Area)",2022,Thousands of dollars,3,5860392,
CAGDP2-1,43420,"Sierra Vista-Douglas, AZ (Metropolitan Statistical Area)",2023,Thousands of dollars,3,6080882,
CAGDP2-1,43580,"Sioux City, IA-NE-SD (Metropolitan Statistical Area)",2023,Thousands of dollars,3,11978474,
CAGDP2-1,43580,"Sioux City, IA-NE-SD (Metropolitan Statistical Area)",2022,Thousands of dollars,3,11116569,
CAGDP2-1,43620,"Sioux Falls, SD (Metropolitan Statistical Area)",2022,Thousands of dollars,3,28044700,
CAGDP2-1,43620,"Sioux Falls, SD (Metropolitan Statistical Area)",2023,Thousands of dollars,3,30084975,
CAGDP2-1,43780,"South Bend-Mishawaka, IN-MI (Metropolitan Statistical Area)",2023,Thousands of dollars,3,20547790,
CAGDP2-1,43780,"South Bend-Mishawaka, IN-MI (Metropolitan Statistical Area)",2022,Thousands of dollars,3,18947764,
CAGDP2-1,43900,"Spartanburg, SC (Metropolitan Statistical Area)",2022,Thousands of dollars,3,19734686,
CAGDP2-1,43900,"Spartanburg, SC (Metropolitan Statistical Area)",2023,Thousands of dollars,3,21159577,
CAGDP2-1,44060,"Spokane-Spokane Valley, WA (Metropolitan Statistical Area)",2022,Thousands of dollars,3,36870747,
CAGDP2-1,44060,"Spokane-Spokane Valley, WA (Metropolitan Statistical Area)",2023,Thousands of dollars,3,39735793,
CAGDP2-1,44100,"Springfield, IL (Metropolitan Statistical Area)",2022,Thousands of dollars,3,14271963,
CAGDP2-1,44100,"Springfield, IL (Metropolitan Statistical Area)",2023,Thousands of dollars,3,14899178,
CAGDP2-1,44140,"Springfield, MA (Metropolitan Statistical Area)",2023,Thousands of dollars,3,42356150,
CAGDP2-1,44140,"Springfield, MA (Metropolitan Statistical Area)",2022,Thousands of dollars,3,40047806,
CAGDP2-1,44180,"Springfield, MO (Metropolitan Statistical Area)",2022,Thousands of dollars,3,26585496,
CAGDP2-1,44180,"Springfield, MO (Metropolitan Statistical Area)",2023,Thousands of dollars,3,28577385,
CAGDP2-1,44220,"Springfield, OH (Metropolitan Statistical Area)",2022,Thousands of dollars,3,5568970,
CAGDP2-1,44220,"Springfield, OH (Metropolitan Statistical Area)",2023,Thousands of dollars,3,5909466,
CAGDP2-1,44300,"State College, PA (Metropolitan Statistical Area)",2022,Thousands of dollars,3,10278620,
CAGDP2-1,44300,"State College, PA (Metropolitan Statistical Area)",2023,Thousands of dollars,3,10952214,
CAGDP2-1,44420,"Staunton, VA (Metropolitan Statistical Area) *",2023,Thousands of dollars,3,6760948,*
CAGDP2-1,44420,"Staunton, VA (Metropolitan Statistical Area) *",2022,Thousands of dollars,3,6419005,*
CAGDP2-1,44700,"Stockton, CA (Metropolitan Statistical Area)",2022,Thousands of dollars,3,41050530,
CAGDP2-1,44700,"Stockton, CA (Metropolitan Statistical Area)",2023,Thousands of dollars,3,42836031,
CAGDP2-1,44940,"Sumter, SC (Metropolitan Statistical Area)",2023,Thousands of dollars,3,6599335,
CAGDP2-1,44940,"Sumter, SC (Metropolitan Statistical Area)",2022,Thousands of dollars,3,6145929,
CAGDP2-1,45060,"Syracuse, NY (Metropolitan Statistical Area)",2022,Thousands of dollars,3,48955993,
CAGDP2-1,45060,"Syracuse, NY (Metropolitan Statistical Area)",2023,Thousands of dollars,3,51191017,
CAGDP2-1,45220,"Tallahassee, FL (Metropolitan Statistical Area)",2023,Thousands of dollars,3,24529748,
CAGDP2-1,45220,"Tallahassee, FL (Metropolitan Statistical Area)",2022,Thousands of dollars,3,22612878,
CAGDP2-1,45300,"Tampa-St. Petersburg-Clearwater, FL (Metropolitan Statistical Area)",2022,Thousands of dollars,3,222744703,
CAGDP2-1,45300,"Tampa-St. Petersburg-Clearwater, FL (Metropolitan Statistical Area)",2023,Thousands of dollars,3,243268344,
CAGDP2-1,45460,"Terre Haute, IN (Metropolitan Statistical Area)",2023,Thousands of dollars,3,10300542,
CAGDP2-1,45460,"Terre Haute, IN (Metropolitan Statistical Area)",2022,Thousands of dollars,3,9720269,
CAGDP2-1,45500,"Texarkana, TX-AR (Metropolitan Statistical Area)",2022,Thousands of dollars,3,6779479,
CAGDP2-1,45500,"Texarkana, TX-AR (Metropolitan Statistical Area)",2023,Thousands of dollars,3,7215096,
CAGDP2-1,45540,"The Villages, FL (Metropolitan Statistical Area)",2023,Thousands of dollars,3,7137460,
CAGDP2-1,45540,"The Villages, FL (Metropolitan Statistical Area)",2022,Thousands of dollars,3,6123479,
CAGDP2-1,45780,"Toledo, OH (Metropolitan Statistical Area)",2022,Thousands of dollars,3,47164700,
CAGDP2-1,45780,"Toledo, OH (Metropolitan Statistical Area)",2023,Thousands of dollars,3,49254628,
CAGDP2-1,45820,"Topeka, KS (Metropolitan Statistical Area)",2023,Thousands of dollars,3,15156457,
CAGDP2-1,45820,"Topeka, KS (Metropolitan Statistical Area)",2022,Thousands of dollars,3,14048045,
CAGDP2-1,45940,"Trenton-Princeton, NJ (Metropolitan Statistical Area)",2022,Thousands of dollars,3,50364581,
CAGDP2-1,45940,"Trenton-Princeton, NJ (Metropolitan Statistical Area)",2023,Thousands of dollars,3,53002639,
CAGDP2-1,46060,"Tucson, AZ (Metropolitan Statistical Area)",2023,Thousands of dollars,3,62169929,
CAGDP2-1,46060,"Tucson, AZ (Metropolitan Statistical Area)",2022,Thousands of dollars,3,56493284,
CAGDP2-1,46140,"Tulsa, OK (Metropolitan Statistical Area)",2022,Thousands of dollars,3,62151990,
CAGDP2-1,46140,"Tulsa, OK (Metropolitan Statistical Area)",2023,Thousands of dollars,3,67510846,
CAGDP2-1,46220,"Tuscaloosa, AL (Metropolitan Statistical Area)",2023,Thousands of dollars,3,14767427,
CAGDP2-1,46220,"Tuscaloosa, AL (Metropolitan Statistical Area)",2022,Thousands of dollars,3,14015220,
CAGDP2-1,46300,"Twin Falls, ID (Metropolitan Statistical Area)",2023,Thousands of dollars,3,7542028,
CAGDP2-1,46300,"Twin Falls, ID (Metropolitan Statistical Area)",2022,Thousands of dollars,3,6998594,
CAGDP2-1,46340,"Tyler, TX (Metropolitan Statistical Area)",2023,Thousands of dollars,3,15683898,
CAGDP2-1,46340,"Tyler, TX (Metropolitan Statistical Area)",2022,Thousands of dollars,3,14744883,
CAGDP2-1,46520,"Urban Honolulu, HI (Metropolitan Statistical Area)",2022,Thousands of dollars,3,76099901,
CAGDP2-1,46520,"Urban Honolulu, HI (Metropolitan Statistical Area)",2023,Thousands of dollars,3,81675550,
CAGDP2-1,46540,"Utica-Rome, NY (Metropolitan Statistical Area)",2023,Thousands of dollars,3,16282294,
CAGDP2-1,46540,"Utica-Rome, NY (Metropolitan Statistical Area)",2022,Thousands of dollars,3,15212173,
CAGDP2-1,46660,"Valdosta, GA (Metropolitan Statistical Area)",2022,Thousands of dollars,3,7194279,
CAGDP2-1,46660,"Valdosta, GA (Metropolitan Statistical Area)",2023,Thousands of dollars,3,7679252,
CAGDP2-1,46700,"Vallejo, CA (Metropolitan Statistical Area)",2023,Thousands of dollars,3,37156243,
CAGDP2-1,46700,"Vallejo, CA (Metropolitan Statistical Area)",2022,Thousands of dollars,3,36343125,
CAGDP2-1,47020,"Victoria, TX (Metropolitan Statistical Area)",2022,Thousands of dollars,3,5962749,
CAGDP2-1,47020,"Victoria, TX (Metropolitan Statistical Area)",2023,Thousands of dollars,3,6323208,
CAGDP2-1,47220,"Vineland-Bridgeton, NJ (Metropolitan Statistical Area)",2023,Thousands of dollars,3,8208721,
CAGDP2-1,47220,"Vineland-Bridgeton, NJ (Metropolitan Statistical Area)",2022,Thousands of dollars,3,7748472,
CAGDP2-1,47260,"Virginia Beach-Norfolk-Newport News, VA-NC (Metropolitan Statistical Area) *",2022,Thousands of dollars,3,117274016,*
CAGDP2-1,47260,"Virginia Beach-Norfolk-Newport News, VA-NC (Metropolitan Statistical Area) *",2023,Thousands of dollars,3,127459149,*
CAGDP2-1,47300,"Visalia, CA (Metropolitan Statistical Area)",2023,Thousands of dollars,3,24256732,
CAGDP2-1,47300,"Visalia, CA (Metropolitan Statistical Area)",2022,Thousands of dollars,3,23054458,
CAGDP2-1,47380,"Waco, TX (Metropolitan Statistical Area)",2022,Thousands of dollars,3,16515709,
CAGDP2-1,47380,"Waco, TX (Metropolitan Statistical Area)",2023,Thousands of dollars,3,18135219,
CAGDP2-1,47460,"Walla Walla, WA (Metropolitan Statistical Area)",2023,Thousands of dollars,3,4362362,
CAGDP2-1,47460,"Walla Walla, WA (Metropolitan Statistical Area)",2022,Thousands of dollars,3,4006838,
CAGDP2-1,47580,"Warner Robins, GA (Metropolitan Statistical Area)",2023,Thousands of dollars,3,10549159,
CAGDP2-1,47580,"Warner Robins, GA (Metropolitan Statistical Area)",2022,Thousands of dollars,3,9879482,
CAGDP2-1,47900,"Washington-Arlington-Alexandria, DC-VA-MD-WV (Metropolitan Statistical Area) *",2023,Thousands of dollars,3,714685087,*
CAGDP2-1,47900,"Washington-Arlington-Alexandria, DC-VA-MD-WV (Metropolitan Statistical Area) *",2022,Thousands of dollars,3,664614071,*
CAGDP2-1,47940,"Waterloo-Cedar Falls, IA (Metropolitan Statistical Area)",2022,Thousands of dollars,3,11733795,
CAGDP2-1,47940,"Waterloo-Cedar Falls, IA (Metropolitan Statistical Area)",2023,Thousands of dollars,3,12521946,
CAGDP2-1,48060,"Watertown-Fort Drum, NY (Metropolitan Statistical Area)",2023,Thousands of dollars,3,8037177,
CAGDP2-1,48060,"Watertown-Fort Drum, NY (Metropolitan Statistical Area)",2022,Thousands of dollars,3,7651747,
CAGDP2-1,48140,"Wausau-Weston, WI (Metropolitan Statistical Area)",2022,Thousands of dollars,3,12183259,
CAGDP2-1,48140,"Wausau-Weston, WI (Metropolitan Statistical Area)",2023,Thousands of dollars,3,12711703,
CAGDP2-1,48260,"Weirton-Steubenville, WV-OH (Metropolitan Statistical Area)",2023,Thousands of dollars,3,7568043,
CAGDP2-1,48260,"Weirton-Steubenville, WV-OH (Metropolitan Statistical Area)",2022,Thousands of dollars,3,7819727,
CAGDP2-1,48300,"Wenatchee, WA (Metropolitan Statistical Area)",2022,Thousands of dollars,3,8702700,
CAGDP2-1,48300,"Wenatchee, WA (Metropolitan Statistical Area)",2023,Thousands of dollars,3,9343442,
CAGDP2-1,48540,"Wheeling, WV-OH (Metropolitan Statistical Area)",2023,Thousands of dollars,3,12658006,
CAGDP2-1,48540,"Wheeling, WV-OH (Metropolitan Statistical Area)",2022,Thousands of dollars,3,12649013,
CAGDP2-1,48620,"Wichita, KS (Metropolitan Statistical Area)",2022,Thousands of dollars,3,43506738,
CAGDP2-1,48620,"Wichita, KS (Metropolitan Statistical Area)",2023,Thousands of dollars,3,46468045,
CAGDP2-1,48660,"Wichita Falls, TX (Metropolitan Statistical Area)",2022,Thousands of dollars,3,7689289,
CAGDP2-1,48660,"Wichita Falls, TX (Metropolitan Statistical Area)",2023,Thousands of dollars,3,8256094,
CAGDP2-1,48700,"Williamsport, PA (Metropolitan Statistical Area)",2022,Thousands of dollars,3,7154393,
CAGDP2-1,48700,"Williamsport, PA (Metropolitan Statistical Area)",2023,Thousands of dollars,3,7486729,
CAGDP2-1,48900,"Wilmington, NC (Metropolitan Statistical Area)",2023,Thousands of dollars,3,21996036,
CAGDP2-1,48900,"Wilmington, NC (Metropolitan Statistical Area)",2022,Thousands of dollars,3,20260303,
CAGDP2-1,49020,"Winchester, VA-WV (Metropolitan Statistical Area) *",2022,Thousands of dollars,3,9184128,*
CAGDP2-1,49020,"Winchester, VA-WV (Metropolitan Statistical Area) *",2023,Thousands of dollars,3,9988848,*
CAGDP2-1,49180,"Winston-Salem, NC (Metropolitan Statistical Area)",2023,Thousands of dollars,3,44750605,
CAGDP2-1,49180,"Winston-Salem, NC (Metropolitan Statistical Area)",2022,Thousands of dollars,3,41611851,
CAGDP2-1,49340,"Worcester, MA-CT (Metropolitan Statistical Area)",2022,Thousands of dollars,3,60934823,
CAGDP2-1,49340,"Worcester, MA-CT (Metropolitan Statistical Area)",2023,Thousands of dollars,3,64135380,
CAGDP2-1,49420,"Yakima, WA (Metropolitan Statistical Area)",2023,Thousands of dollars,3,13357488,
CAGDP2-1,49420,"Yakima, WA (Metropolitan Statistical Area)",2022,Thousands of dollars,3,12913176,
CAGDP2-1,49620,"York-Hanover, PA (Metropolitan Statistical Area)",2023,Thousands of dollars,3,27867147,
CAGDP2-1,49620,"York-Hanover, PA (Metropolitan Statistical Area)",2022,Thousands of dollars,3,25607422,
CAGDP2-1,49660,"Youngstown-Warren-Boardman, OH-PA (Metropolitan Statistical Area)",2023,Thousands of dollars,3,26178157,
CAGDP2-1,49660,"Youngstown-Warren-Boardman, OH-PA (Metropolitan Statistical Area)",2022,Thousands of dollars,3,24840845,
CAGDP2-1,49700,"Yuba City, CA (Metropolitan Statistical Area)",2022,Thousands of dollars,3,8743275,
CAGDP2-1,49700,"Yuba City, CA (Metropolitan Statistical Area)",2023,Thousands of dollars,3,9225272,
CAGDP2-1,49740,"Yuma, AZ (Metropolitan Statistical Area)",2023,Thousands of dollars,3,10584673,
CAGDP2-1,49740,"Yuma, AZ (Metropolitan Statistical Area)",2022,Thousands of dollars,3,9907647,
